key,title,author_name,first_publish_year,page_count
/works/OL17797130W,A Gentleman in Moscow,['Amor Towles'],2016,511.0
/works/OL20808172W,Punk 57,['Penelope Douglas'],2016,363.0
/works/OL17876096W,Scythe,['Neal Shusterman'],2016,449.0
/works/OL17625829W,Empire of Storms,['Sarah J. Maas'],2016,704.0
/works/OL17364743W,The Hidden Oracle,['Rick Riordan'],2016,384.0
/works/OL17356842W,Glass Sword,['Victoria Aveyard'],2016,478.0
/works/OL18199565W,The Sun is Also a Star,"['Nicola Yoon', 'KARINE SUHARD - GUIE']",2016,384.0
/works/OL17358795W,Dark Matter,['Blake Crouch'],2016,360.0
/works/OL17795349W,Homegoing,['Yaa Gyasi'],2016,320.0
/works/OL17897265W,A Closed and Common Orbit,['Becky Chambers'],2016,416.0
/works/OL17356805W,The Way I Used To Be,['Amber Smith'],2016,384.0
/works/OL17619634W,Norse Mythology,"['Neil Gaiman', 'Anna Llisterri']",2016,304.0
/works/OL17627845W,The Girl Who Drank the Moon,['Kelly Regan Barnhill'],2016,388.0
/works/OL20032935W,The Hating Game,['Sally Thorne'],2016,379.0
/works/OL17714888W,Lodestar,['Shannon Messenger'],2016,688.0
/works/OL17597665W,Crooked Kingdom,['Leigh Bardugo'],2016,584.0
/works/OL17365087W,The Wild Robot,['Peter Brown'],2016,286.0
/works/OL17860071W,The Hammer of Thor,['Rick Riordan'],2016,480.0
/works/OL17616104W,Talons of Power,['Tui T. Sutherland'],2016,336.0
/works/OL17714885W,A Gathering of Shadows,['V.E. Schwab'],2016,528.0
/works/OL20573281W,Dog Man,['Dav Pilkey'],2016,240.0
/works/OL17356843W,The Crown (The Selection #5),['Kiera Cass'],2016,276.0
/works/OL19715138W,Behind Closed Doors,['B.A. Paris'],2016,336.0
/works/OL20054195W,Radio Silence,['Alice Oseman'],2016,416.0
/works/OL17615005W,Calamity,['Brandon Sanderson'],2016,430.0
/works/OL19353453W,The Couple Next Door,['Shari Lapeña'],2016,351.0
/works/OL17597083W,Big Nate Blasts Off!,['Lincoln Peirce'],2016,218.0
/works/OL17757603W,This Is Where It Ends,['Marieke Nijkamp'],2016,304.0
/works/OL17793650W,Babylon’s ashes,['James S. A. Corey'],2016,544.0
/works/OL20036652W,The Butterfly Garden,['Dot Hutchison'],2016,304.0
/works/OL17770504W,Arcanum Unbounded,['Brandon Sanderson'],2016,672.0
/works/OL17356524W,One True Loves,['Taylor Jenkins Reid'],2016,352.0
/works/OL43271781W,Darkstalker,['Tui T. Sutherland'],2016,366.0
/works/OL17623412W,Dog Man Unleashed,['Dav Pilkey'],2016,224.0
/works/OL17349394W,The Bands of Mourning,['Brandon Sanderson'],2016,448.0
/works/OL20824826W,A Thousand Boy Kisses,['Tillie Cole'],2016,352.0
/works/OL19347030W,Sleeping Giants,['Sylvain Neuvel'],2016,336.0
/works/OL20037217W,Holding Up the Universe,['Jennifer Niven'],2016,400.0
/works/OL19075624W,Nevernight,['Jay Kristoff'],2016,699.0
/works/OL19675651W,A Winglets Collection,['Tui T. Sutherland'],2016,144.0
/works/OL17357379W,All the Birds in the Sky,"['Charlie Jane Anders', 'Laurent Queyssi']",2016,351.0
/works/OL19547201W,The Wild Robot Escapes,['Peter Brown'],2016,282.0
/works/OL20659913W,Paper Princess,['Erin Watt'],2016,370.0
/works/OL17608056W,The Bad Guys,['Aaron Blabey'],2016,144.0
/works/OL17846634W,The Whistler,['John Grisham'],2016,384.0
/works/OL20028344W,I'm Thinking of Ending Things,['Iain Reid'],2016,224.0
/works/OL18147689W,Before We Were Yours,['Lisa Wingate'],2016,443.0
/works/OL18159946W,The Fever Code,['James Dashner'],2016,384.0
/works/OL19650409W,Morning Star,['Pierce Brown'],2016,672.0
/works/OL17843491W,Star Wars - Ahsoka,['E. K. Johnston'],2016,319.0
/works/OL20005800W,Hidden bodies,['Caroline Kepnes'],2016,448.0
/works/OL19800093W,Too Like the Lightning,['Ada Palmer'],2016,441.0
/works/OL17934983W,We Are the Ants,['Shaun David Hutchinson'],2016,465.0
/works/OL19123425W,We Are Legion,['Dennis E. Taylor'],2016,345.0
/works/OL17359139W,Salt to the Sea,['Ruta Sepetys'],2016,421.0
/works/OL19665519W,The Apprentice's Quest,['Erin Hunter'],2016,352.0
/works/OL17357376W,The Girls,"['Emma Cline', 'Ernest Riera']",2016,352.0
/works/OL20039486W,Stalking Jack the Ripper,['Kerri Maniscalco'],2016,356.0
/works/OL20021821W,Because of Miss Bridgerton,['Julia Quinn'],2016,304.0
/works/OL17929924W,The Chemist,['Stephenie Meyer'],2016,529.0
/works/OL17868258W,The Ballad of Black Tom,"['Victor D. LaValle', 'Gökçe Çiçek']",2016,154.0
/works/OL20816321W,One Indian Girl,['Chetan Bhagat'],2016,280.0
/works/OL21599882W,Tom Gates,['Liz Pichon'],2016,240.0
/works/OL17357733W,If I Was Your Girl,['Meredith Russo'],2016,312.0
/works/OL17841200W,Petit pays,['Gaël Faye'],2016,219.0
/works/OL17357734W,The Raven King,['Maggie Stiefvater'],2016,480.0
/works/OL20030306W,My best friend's exorcism,['Grady Hendrix'],2016,336.0
/works/OL21311069W,The Woman in Cabin 10,['Ruth Ware'],2016,384.0
/works/OL24412371W,Matahari,['Tere Liye'],2016,400.0
/works/OL17719038W,Strange the Dreamer,['Laini Taylor'],2016,536.0
/works/OL17792899W,Love and Gelato,['Jenna Evans Welch'],2016,389.0
/works/OL17710061W,Carve the Mark,['Veronica Roth'],2016,512.0
/works/OL17344325W,The Apartment,['Danielle Steel'],2016,352.0
/works/OL19340381W,Tales from the Shadowhunter Academy,"['Cassandra Clare', 'Sarah Rees Brennan', 'Maureen Johnson', 'Robin Wasserman']",2016,673.0
/works/OL22879514W,Too Late,['Colleen Hoover'],2016,401.0
/works/OL17366745W,The Fisherman,['John Langan'],2016,304.0
/works/OL17879669W,Magpie Murders: A Novel,['Anthony Horowitz'],2016,496.0
/works/OL19631308W,Edgedancer,['Brandon Sanderson'],2016,249.0
/works/OL21582802W,Marriage Bed,['Helen Bianchin'],2016,560.0
/works/OL20051012W,I found you,['Lisa Jewell'],2016,416.0
/works/OL19622713W,The Creeping Shadow,['Jonathan Stroud'],2016,512.0
/works/OL17319533W,Las cosas que perdimos en el fuego,['Mariana Enríquez'],2016,202.0
/works/OL17638522W,The Midnight Gang,['David Walliams'],2016,479.0
/works/OL17789329W,Thunder and Shadow,['Erin Hunter'],2016,408.0
/works/OL20240282W,Vicious,['L.J. Shen'],2016,384.0
/works/OL17823176W,Girl Online,"['Zoe Sugg', 'Eiry Miles']",2016,352.0
/works/OL19633556W,Infomocracy,"['Malka Older', 'Christine Marshall']",2016,384.0
/works/OL20152848W,Lost Stars,['Erin Hunter'],2016,304.0
/works/OL17876090W,Tell Me Three Things,['Julie Buxbaum'],2016,336.0
/works/OL17356545W,Fool Me Once,['Harlan Coben'],2016,416.0
/works/OL17358179W,The Misadventures of Max Crumbly,['Rachel Renée Russell'],2016,302.0
/works/OL18008835W,Of Fire and Stars,['Audrey Coulthurst'],2016,209.0
/works/OL19669206W,Three Dark Crowns,['Kendare Blake'],2016,375.0
/works/OL17356063W,Every Heart a Doorway,['Seanan McGuire'],2016,176.0
/works/OL19671405W,Ghost,['Jason Reynolds'],2016,185.0
/works/OL21145161W,Madonna in a Fur Coat,"['Sabahattin Ali', 'Alexander Dawe', 'Maureen Freely']",2016,176.0
/works/OL19739361W,Missione Niagara,['Elisabetta Dami'],2016,170.0
/works/OL17318863W,Cometh the Hour,['Jeffrey Archer'],2016,528.0
/works/OL20033197W,For Magnus Chase: Hotel Valhalla guide to the Norse worlds,['Rick Riordan'],2016,168.0
/works/OL17807504W,Swing Time,"['Zadie Smith', 'Pippa Bennett-warner', 'Eugenia Vázquez Nacarino']",2016,453.0
/works/OL20804234W,The Call of Cthulhu,['H.P. Lovecraft'],2016,64.0
/works/OL17820489W,"Big Nate, thunka, thunka, thunka",['Lincoln Pierce'],2016,174.0
/works/OL20036193W,Turbo twenty-three,['Janet Evanovich'],2016,308.0
/works/OL18149681W,Navigators of Dune,"['Brian Herbert', 'Kevin J. Anderson', 'Scott Brick']",2016,448.0
/works/OL19669023W,Love & gelato,['Jenna Evans Welch'],2016,389.0
/works/OL17842279W,The Obelisk Gate,['N. K. Jemisin'],2016,444.0
/works/OL17364508W,Pax,['Sara Pennypacker'],2016,296.0
/works/OL18189723W,Two by Two,['Nicholas Sparks'],2016,499.0
/works/OL17359390W,15th Affair,"['James Patterson', 'Maxine Paetro']",2016,400.0
/works/OL20026898W,A study in Charlotte,['Brittany Cavallaro'],2016,337.0
/works/OL19351465W,News of the World,['Paulette Jiles'],2016,232.0
/works/OL20044335W,The Bone Sparrow,['Zana Fraillon'],2016,256.0
/works/OL17356561W,Lilac Girls,"['Martha Hall Kelly', 'María Puerto Barruetabeña Díez']",2016,512.0
/works/OL21584106W,Wed to the Italian,['Sara Craven'],2016,560.0
/works/OL19711605W,Projekt 1065,['Alan Gratz'],2016,309.0
/works/OL20036179W,No man's land,['David Baldacci'],2016,464.0
/works/OL17610982W,Jacky Ha-Ha,"['James Patterson', 'Chris Grabenstein']",2016,384.0
/works/OL20020238W,Amulet,['Kazu Kibuishi'],2016,208.0
/works/OL20035177W,The hike,['Drew Magary'],2016,288.0
/works/OL17796133W,Owl Diaries,['Rebecca Elliott'],2016,80.0
/works/OL20098004W,The Girl of Ink & Stars,['Kiran Millwood Hargrave'],2016,240.0
/works/OL17599106W,El laberinto de los espíritus,['Carlos Ruiz Zafón'],2016,816.0
/works/OL27302828W,Nhà giả kim,['Paulo Coelho'],2016,225.0
/works/OL26416675W,The Goal,['Elle Kennedy'],2016,383.0
/works/OL20039241W,Hawkwing's Journey,['Erin Hunter'],2016,480.0
/works/OL20038654W,Cross the line,['James Patterson'],2016,400.0
/works/OL19346536W,The Last Star,['Richard Yancey'],2016,360.0
/works/OL17770858W,The Nix,['Nathan Hill'],2016,640.0
/works/OL17857694W,Revenger,['Alastair Reynolds'],2016,214.0
/works/OL20216395W,Prince Lestat and the Realms of Atlantis,['Anne Rice'],2016,584.0
/works/OL19622246W,Tales of the Peculiar,['Ransom Riggs'],2016,187.0
/works/OL20052676W,The dry,['Jane Harper'],2016,352.0
/works/OL20037197W,Gemina,"['Amie Kaufman', 'Jay Kristoff']",2016,672.0
/works/OL20240397W,Save Me a Seat,"['Sarah Weeks', 'Gita Varadarajan']",2016,256.0
/works/OL17834485W,Il Segreto delle Fate dei Fiori,"['Elisabetta Dami', 'Helena Aguilà']",2016,384.0
/works/OL17357359W,The Last Mile,['David Baldacci'],2016,470.0
/works/OL17629004W,Whatever After,['Sarah Mlynowski'],2016,177.0
/works/OL21083070W,Frozen Charlotte,['Alex Bell'],2016,352.0
/works/OL17868256W,Lovecraft Country,['Matt Ruff'],2016,384.0
/works/OL19768222W,The Ship of Secrets (Geronimo Stilton and the Kingdom of Fantasy #10),"['Elisabetta Dami', 'Miguel García', 'David Nel·lo']",2016,448.0
/works/OL17340195W,Star Wars - Bloodline,['Claudia Gray'],2016,424.0
/works/OL20036181W,Odessa Sea,"['Clive Cussler', 'Dirk Cussler']",2016,486.0
/works/OL21440976W,American Queen,"['Sierra Simone', 'Serena Tardioli']",2016,416.0
/works/OL20030771W,The course of love,['Alain De Botton'],2016,233.0
/works/OL17722496W,Truly Madly Guilty,['Liane Moriarty'],2016,505.0
/works/OL19346563W,The Blood Mirror,['Brent Weeks'],2016,704.0
/works/OL21559673W,And Every Morning the Way Home Gets Longer and Longer,"['Fredrik Backman', 'David Morse']",2016,96.0
/works/OL19356241W,This Was a Man,['Jeffrey Archer'],2016,552.0
/works/OL24335331W,RoomHate,['Penelope Ward'],2016,320.0
/works/OL20724667W,Bought for the Greek's revenge,"['Lynne Graham', 'Michelle Smart']",2016,224.0
/works/OL17822926W,The Midnight Star,['Marie Lu'],2016,368.0
/works/OL18818723W,The Flame Bearer (The Last Kingdom Series),['Bernard Cornwell'],2016,304.0
/works/OL17342632W,I Survived,"['Lauren Tarshis', 'David de Vries']",2016,112.0
/works/OL19324040W,Half Lost (The Half Bad Trilogy),['Sally Green'],2016,354.0
/works/OL17756650W,Symptoms of Being Human,['Jeff Garvin'],2016,177.0
/works/OL17767855W,The Wonder,['Emma Donoghue'],2016,304.0
/works/OL17900771W,Marrying Winterborne,['Lisa Kleypas'],2016,416.0
/works/OL27701041W,Bought,"['Lauren Landish', 'Willow Winters']",2016,300.0
/works/OL21580088W,The Sicilian's Stolen Son,['Lynne Graham'],2016,192.0
/works/OL20035748W,Kings rising,['C. S. Pacat'],2016,368.0
/works/OL20060401W,All the missing girls,['Megan Miranda'],2016,400.0
/works/OL17846581W,Star Wars - Aftermath - Life Debt,['Chuck Wendig'],2016,397.0
/works/OL17358868W,Sea Spell,['Jennifer Donnelly'],2016,368.0
/works/OL17876107W,This Savage Song,['V.E. Schwab'],2016,432.0
/works/OL19670923W,Underground airlines,['Ben H. Winters'],2016,336.0
/works/OL20044349W,"Diary of a Minecraft Zombie, Book 10",['Zack Zombie'],2016,180.0
/works/OL17812663W,Wish,"[""Barbara O'Connor""]",2016,227.0
/works/OL19665045W,When we collided,['Emery Lord'],2016,352.0
/works/OL21274250W,Leonetti's Housekeeper Bride,['Lynne Graham'],2016,192.0
/works/OL17337353W,Poor Unfortunate Soul,['Serena Valentino'],2016,208.0
/works/OL17355446W,Bay of Sighs,['Nora Roberts'],2016,352.0
/works/OL21580696W,Married for Convenience,['Helen Bianchin'],2016,560.0
/works/OL20030224W,Age of myth,['Michael J. Sullivan'],2016,409.0
/works/OL20033072W,Towers falling,['Jewell Parker Rhodes'],2016,242.0
/works/OL17824232W,Mr. Lemoncello's Library Olympics,['Chris Grabenstein'],2016,288.0
/works/OL19347181W,Apprentice in Death,['Nora Roberts'],2016,512.0
/works/OL21203117W,Airport - Code Red,['James Patterson'],2016,144.0
/works/OL17355447W,The Obsession,['Nora Roberts'],2016,470.0
/works/OL18020219W,Another Brooklyn,['Jacqueline Woodson'],2016,192.0
/works/OL20039481W,Our chemical hearts,['Krystal Sutherland'],2016,320.0
/works/OL19385981W,Invisible Planets,['Ken Liu'],2016,384.0
/works/OL20020529W,Dark Promises,['Christine Feehan'],2016,383.0
/works/OL21578857W,Latin Lovers,['Helen Bianchin'],2016,560.0
/works/OL17357665W,Hillbilly Elegy,['J. D. Vance'],2016,272.0
/works/OL17800588W,Star Wars - Catalyst - A Rogue One Novel,['James Luceno'],2016,432.0
/works/OL21163018W,Halo,['Kelly Gay'],2016,336.0
/works/OL17837368W,Hag-Seed,['Margaret Atwood'],2016,320.0
/works/OL20247412W,A House Without Windows,['Nadia Hashimi'],2016,536.0
/works/OL20033275W,The cartel 6,"['Ashley', 'Ashley & JaQuavis']",2016,154.0
/works/OL20051787W,Chanson douce,['Leïla Slimani'],2016,242.0
/works/OL29515951W,Broken,['Willow Winters'],2016,313.0
/works/OL17606520W,The Widow,['Fiona Barton'],2016,401.0
/works/OL20168060W,FantasticLand,['Mike Bockoven'],2016,272.0
/works/OL19857119W,Criminal Destiny,['Gordon Korman'],2016,311.0
/works/OL20040867W,The Battle of Hackham Heath,['John Flanagan'],2016,357.0
/works/OL21578846W,Mistress Arrangements,['Helen Bianchin'],2016,544.0
/works/OL18818747W,Moonglow,['Michael Chabon'],2016,480.0
/works/OL20026390W,"Paper girls, Vol. 1","['Brian K. Vaughan', 'Cliff Chiang']",2016,144.0
/works/OL20026899W,Tell the wind and fire,['Sarah Rees Brennan'],2016,368.0
/works/OL17758718W,Island of Glass,['Nora Roberts'],2016,352.0
/works/OL17595792W,Barkskins,['Annie Proulx'],2016,736.0
/works/OL17639867W,Bad Blood,['Jennifer Lynn Barnes'],2016,384.0
/works/OL19527950W,"The Beauty of Darkness: The Remnant Chronicles, Book Three",['Mary E. Pearson'],2016,688.0
/works/OL20112580W,Thirteen,['Steve Cavanagh'],2016,368.0
/works/OL20037333W,A Study in Scarlet Women,['Sherry Thomas'],2016,162.0
/works/OL17943716W,Labyrinth Lost,['Zoraida Córdova'],2016,336.0
/works/OL17904127W,A Forbidden Temptation,['Anne Mather'],2016,191.0
/works/OL20894202W,Morelli's Mistress,['Anne Mather'],2016,192.0
/works/OL21604369W,Black Suits You,['Novoneel Chakraborty'],2016,304.0
/works/OL17616112W,Stiletto,"[""Daniel O'Malley""]",2016,544.0
/works/OL20027231W,Juliet takes a breath,"['Gabby Rivera', 'Gaby Rivera']",2016,320.0
/works/OL20039652W,Certain Dark Things,['Silvia Moreno-Garcia'],2016,322.0
/works/OL17900311W,The billionaire's ruthless affair,['Miranda Lee'],2016,234.0
/works/OL18025534W,Chaos,['Patricia Cornwell'],2016,432.0
/works/OL20045220W,Fear Street Novel - The Dead Boyfriend,['Robert Lawrence Stine'],2016,288.0
/works/OL18820886W,The Dark Army,['Joseph Delaney'],2016,394.0
/works/OL17356847W,My Name is Lucy Barton,['Elizabeth Strout'],2016,208.0
/works/OL20120987W,This Tender Land,['William Kent Krueger'],2016,464.0
/works/OL19862137W,The Wrath & the Dawn (The Wrath and the Dawn),['Renée Ahdieh'],2016,432.0
/works/OL17916977W,Pericolo spazzatura spaziale,['Elisabetta Dami'],2016,128.0
/works/OL17620030W,Narwhal,['Ben Clanton'],2016,64.0
/works/OL20030813W,A great reckoning,['Louise Penny'],2016,504.0
/works/OL17686257W,The Mandibles,['Lionel Shriver'],2016,431.0
/works/OL17188714W,Gentleman Jole and the Red Queen,['Lois McMaster Bujold'],2016,344.0
/works/OL32480574W,Bunny vs. Monkey,['Jamie Smart'],2016,240.0
/works/OL21583928W,Irresistible Greeks : Red-Hot and Rich,"['Carole Mortimer', 'Emma Darcy', 'Maisey Yates']",2016,560.0
/works/OL20038343W,IQ,['Joe Ide'],2016,352.0
/works/OL20038408W,Everfair,['Nisi Shawl'],2016,383.0
/works/OL19664128W,Words in deep blue,['Cath Crowley'],2016,352.0
/works/OL19631369W,Dark Carousel,['Christine Feehan'],2016,400.0
/works/OL20161861W,Alex Rider : Secret Weapon,['Anthony Horowitz'],2016,336.0
/works/OL19346566W,Sharp Ends,['Joe Abercrombie'],2016,304.0
/works/OL20021038W,This song is (not) for you,['Laura Nowlin'],2016,230.0
/works/OL17333442W,The Unwanteds,['Lisa McMann'],2016,544.0
/works/OL17640174W,Wolf Hollow,['Lauren Wolk'],2016,278.0
/works/OL17613883W,Judy Moody and the Bucket List,['Megan McDonald'],2016,176.0
/works/OL24336424W,Broken Prince,['Erin Watt'],2016,370.0
/works/OL17359880W,Extreme Prey,"['John Sandford', 'Richard Ferrone']",2016,448.0
/works/OL20028845W,Disappearance at Devil's Rock,"['Paul Tremblay', 'Erin Bennett', 'Manuel de los Reyes']",2016,352.0
/works/OL19664941W,Return to the Isle of the Lost,['Melissa De La Cruz'],2016,309.0
/works/OL20039818W,Goldenhand,['Garth Nix'],2016,421.0
/works/OL20209793W,Once Upon a Dream,['Liz Braswell'],2016,458.0
/works/OL20033774W,Magisterium,"['Holly Black', 'Cassandra Clare']",2016,256.0
/works/OL20022567W,The North water,['Ian McGuire'],2016,336.0
/works/OL17613129W,The Rose & the Dagger,['Renée Ahdieh'],2016,432.0
/works/OL20031490W,The Problem with Forever,['Jennifer L. Armentrout'],2016,304.0
/works/OL19669992W,The Mothers,['Brit Bennett'],2016,296.0
/works/OL20204188W,The Restless Dead,['Simon Beckett'],2016,456.0
/works/OL20895646W,The Greek's Christmas bride,['Lynne Graham'],2016,224.0
/works/OL21580059W,"Billionaire, Boss... Bridegroom?",['Kate Hardy'],2016,256.0
/works/OL17619904W,The Dark Talent,['Brandon Sanderson'],2016,284.0
/works/OL17356862W,The Leaving,['Tara Altebrando'],2016,448.0
/works/OL17610983W,Dog's Best Friend,"['James Patterson', 'Christopher Tebbetts']",2016,256.0
/works/OL18020232W,Escape Clause,['John Sandford'],2016,400.0
/works/OL17857772W,Sting,['Sandra Brown'],2016,416.0
/works/OL19664580W,Spy ski school,['Stuart Gibbs'],2016,350.0
/works/OL17629003W,Upside Down Magic,"['Sarah Mlynowski', 'Lauren Myracle', 'Emily Jenkins']",2016,208.0
/works/OL19548703W,Cruel Crown,['Victoria Aveyard'],2016,176.0
/works/OL17359906W,Bullseye,"['James Patterson', 'Michael Ledwidge']",2016,368.0
/works/OL20033284W,A Promise of Fire,['Amanda Bouchet'],2016,441.0
/works/OL17817538W,Slacker,['Gordon Korman'],2016,230.0
/works/OL18021059W,Dreadnought,"['April Daniels', 'Natasha Soudek']",2016,280.0
/works/OL20031083W,"Nine, ten",['Nora Raleigh Baskin'],2016,208.0
/works/OL20041043W,The nowhere man,['Gregg Andrew Hurwitz'],2016,400.0
/works/OL20167012W,Mistletoe and Murder,['Robin Stevens'],2016,368.0
/works/OL17592068W,The Princess in Black Takes a Vacation,"['Shannon Hale', 'Dean Hale']",2016,96.0
/works/OL20035152W,All the ugly and wonderful things,['Bryn Greenwood'],2016,392.0
/works/OL20885296W,Private Delhi,"['James Patterson', 'Ashwin Sanghi']",2016,400.0
/works/OL19663753W,13 ways of looking at a fat girl,"['Mona Awad', 'Alicia Frieyro Gutiérrez']",2016,228.0
/works/OL21580105W,The Italian's Ruthless Seduction,['Miranda Lee'],2016,192.0
/works/OL20034340W,Princess Princess,"[""Kay O'Neill""]",2016,64.0
/works/OL17722466W,Paris for One and Other Stories,['Jojo Moyes'],2016,328.0
/works/OL17846747W,Rogue One - A Star Wars Story,['Alexander Freed'],2016,325.0
/works/OL17934982W,Days Without End,['Sebastian Barry'],2016,287.0
/works/OL20032927W,The Swarm,"['Orson Scott Card', 'Aaron Johnston']",2016,528.0
/works/OL18188756W,A Million Worlds With You,['Claudia Gray'],2016,416.0
/works/OL17359877W,Off the Grid,"['C. J. Box', 'Chandler, David']",2016,392.0
/works/OL21580081W,The Billionaire's Defiant Acquisition,['Sharon Kendrick'],2016,192.0
/works/OL20019009W,Shadows of the Clans,['Erin Hunter'],2016,286.0
/works/OL17814973W,Revenge of the Cream Puffs,['Lincoln Pierce'],2016,184.0
/works/OL17747219W,I Survived,['Lauren Tarshis'],2016,112.0
/works/OL17724536W,Take the Key and Lock Her Up,['Ally Carter'],2016,336.0
/works/OL20044682W,Let the Wind Rise,['Shannon Messenger'],2016,420.0
/works/OL21141289W,Conclave,['Robert Harris'],2016,352.0
/works/OL20033776W,A torch against the night,['Sabaa Tahir'],2016,464.0
/works/OL17356066W,What We Find,['Robyn Carr'],2016,400.0
/works/OL18020235W,Find Her,['Lisa Gardner'],2016,432.0
/works/OL22705222W,Everyone Has A Story,['Savi Sharma'],2016,186.0
/works/OL20050154W,The burning page,['Genevieve Cogman'],2016,448.0
/works/OL17359196W,The Last One,['Alexandra Oliva'],2016,352.0
/works/OL20689865W,The Night Parade,['Ronald Malfi'],2016,416.0
/works/OL17368404W,Bailey's Story,['W. Bruce Cameron'],2016,208.0
/works/OL17828326W,Evicted,"['Matthew Desmond', 'Enrique Maldonado Rold\x87n']",2016,448.0
/works/OL17904384W,The queen's New Year secret,"['Maisey Yates', 'Rachael Thomas']",2016,192.0
/works/OL20034145W,Girl mans up,['M-E Girard'],2016,384.0
/works/OL20018714W,Back blast,['Mark Greaney'],2016,528.0
/works/OL17639948W,Nutshell,['Ian McEwan'],2016,216.0
/works/OL20034706W,흰,['Han Kang'],2016,152.0
/works/OL18020320W,The Kept Woman,['Karin Slaughter'],2016,560.0
/works/OL17761028W,Conclave,"['Harris, Robert']",2016,304.0
/works/OL20039467W,The Diabolic,['S. J. Kincaid'],2016,416.0
/works/OL19354213W,Behold the Dreamers (Oprah's Book Club): A Novel,"['Imbolo Mbue', 'Sarah Tardy']",2016,416.0
/works/OL19726012W,Sweet bean paste,['Durian Sukegawa'],2016,228.0
/works/OL17355875W,The Hatching,['Ezekiel Boone'],2016,351.0
/works/OL21595097W,Mistresses : in His Bed,"['Lynne Graham', 'Robyn Grady', 'Natalie Anderson']",2016,560.0
/works/OL20894664W,A Dangerous Taste of Passion,['Anne Mather'],2016,224.0
/works/OL19665786W,The other boy,['M. G. Hennessey'],2016,234.0
/works/OL22763290W,Death Weavers,['Brandon Mull'],2016,507.0
/works/OL19063893W,Whitefern,['V. C. Andrews'],2016,356.0
/works/OL19191043W,Fear Street Super Thriller: Secrets: The Lost Girl; Can You Keep a Secret?,['Robert Lawrence Stine'],2016,544.0
/works/OL21823178W,Cabin,['Natasha Preston'],2016,336.0
/works/OL19714170W,Lo Strano Caso Del Ladro Di Cioccolato,['Elisabetta Dami'],2016,128.0
/works/OL17879604W,Once more for love (Blithe Images / Search for Love),['Nora Roberts'],2016,345.0
/works/OL21576877W,Rich Man's Revenge,"['Jennie Lucas', 'Katherine Garbera']",2016,560.0
/works/OL19347801W,Staked: The Iron Druid Chronicles,['Kevin Hearne'],2016,339.0
/works/OL20028576W,Fear Street Novel - Can You Keep a Secret?,['Robert Lawrence Stine'],2016,272.0
/works/OL20026379W,Fight Club 2,"['Chuck Palahniuk', 'Cameron Stewart', 'David W. Mack']",2016,282.0
/works/OL19346631W,And I Darken,['Kiersten White'],2016,496.0
/works/OL19800234W,NYPD Red 4,"['James Patterson', 'Marshall Karp']",2016,368.0
/works/OL19666713W,The thank you book,['Mo Willems'],2016,57.0
/works/OL20474932W,Shadow of the Storm,['Connilyn Cossette'],2016,352.0
/works/OL20253407W,Serafina and the Twisted Staff,['Robert Beatty'],2016,400.0
/works/OL20033445W,Do You Want to Start a Scandal,['Tessa Dare'],2016,272.0
/works/OL20034482W,"Nothing More (Landon Gibson Series, Book 1",['Anna Todd'],2016,269.0
/works/OL22145903W,このあたりの人たち,['川上弘美'],2016,134.0
/works/OL17873326W,The wrong side of magic,['Janette Rallison'],2016,326.0
/works/OL20019067W,City of blades,['Robert Jackson Bennett'],2016,484.0
/works/OL20026987W,Royal wedding disaster,['Meg Cabot'],2016,282.0
/works/OL20039432W,The twelve days of Dash & Lily,"['Rachel Cohn', 'David Levithan']",2016,240.0
/works/OL21582333W,His Most Exquisite Conquest,"['Elizabeth Power', 'Cathy Williams', 'Robyn Donald']",2016,568.0
/works/OL17629517W,Goosebumps Most Wanted - The Haunter,['Robert Lawrence Stine'],2016,160.0
/works/OL17357748W,Imagine Me Gone,['Adam Haslett'],2016,368.0
/works/OL19346537W,The Ghostfaces,['John Flanagan'],2016,400.0
/works/OL22321863W,Land of silence,['Tessa Afshar'],2016,400.0
/works/OL20021503W,The girl from everywhere,['Heidi Heilig'],2016,480.0
/works/OL17592069W,The Princess in Black and the Hungry Bunny Horde,"['Shannon Hale', 'Dean Hale']",2016,96.0
/works/OL27130975W,Oroonoko,['Aphra Behn'],2016,132.0
/works/OL21824415W,Christmas Wish,['Nora Roberts'],2016,344.0
/works/OL21133235W,World's Worst Children 2,['David Walliams'],2016,286.0
/works/OL20516652W,Paper Butterflies,['Lisa Heathfield'],2016,272.0
/works/OL21578860W,Office Scandals,"['Kim Lawrence', 'Maureen Child', 'Catherine Mann']",2016,560.0
/works/OL20709549W,Orphan X,['Gregg Andrew Hurwitz'],2016,400.0
/works/OL20020367W,The love that split the world,['Emily Henry'],2016,403.0
/works/OL17571929W,Booked,['Kwame Alexander'],2016,320.0
/works/OL19548470W,Die Feder eines Greifs,['Cornelia Funke'],2016,402.0
/works/OL19798934W,Not Your Sidekick,['C. B. Lee'],2016,283.0
/works/OL22943437W,Lady Midnight,['Cassandra Clare'],2016,720.0
/works/OL21403838W,Goat Days,"['Benyamin Benyamin', 'Joseph Koyippally']",2016,258.0
/works/OL20021510W,Rebel of the sands,['Alwyn Hamilton'],2016,314.0
/works/OL20026877W,Highly illogical behavior,['John Corey Whaley'],2016,256.0
/works/OL21595073W,The Italian's Christmas Child,['Lynne Graham'],2016,192.0
/works/OL21809501W,Hidden Bodies : (a You Novel),['Caroline Kepnes'],2016,448.0
/works/OL20026412W,The defense,['Steve Cavanagh'],2016,320.0
/works/OL20027228W,"The Shadow Queen (Ravenspire Series, Book 1)",['C. J. Redwine'],2016,400.0
/works/OL19347156W,The Spider's War,['Daniel Abraham'],2016,554.0
/works/OL19354776W,Ricky Ricotta's Mighty Robot vs. The Unpleasant Penguins from Pluto (Ricky Ricotta's Mighty Robot #9),['Dav Pilkey'],2016,128.0
/works/OL24346726W,Razor Girl,['Carl Hiaasen'],2016,432.0
/works/OL21824892W,Baby of His Revenge,['Jennie Lucas'],2016,224.0
/works/OL20044750W,Mark of the plague,['Kevin Sands'],2016,529.0
/works/OL20045212W,Under rose-tainted skies,['Louise Gornall'],2016,323.0
/works/OL17610979W,P.S I like you,"['West, Kasie']",2016,305.0
/works/OL20033120W,A nefarious plot,['Steve Deace'],2016,193.0
/works/OL27220255W,Superger e la supermacchina del tempo,['Elisabetta Dami'],2016,129.0
/works/OL17640177W,The Inquisitor's Tale,['Adam Gidwitz'],2016,400.0
/works/OL17857946W,Lily and Dunkin,['Donna Gephart'],2016,352.0
/works/OL19667345W,Do not say we have nothing,"['Madeleine Thien', 'Madeleine Thien']",2016,480.0
/works/OL21595084W,Mistresses,"['Caitlin Crews', 'Cathy Williams', 'Maureen Child']",2016,560.0
/works/OL21816139W,Did I Mention I Miss You?,['Estelle Maskame'],2016,352.0
/works/OL20034150W,Shiny broken pieces,['Sona Charaipotra'],2016,384.0
/works/OL20026888W,On the edge of gone,['Corinne Duyvis'],2016,468.0
/works/OL24321939W,The Liberation of Sita,"['Volga', 'T. Vijay Kumar', 'C. Vijayasree']",2016,132.0
/works/OL20026409W,City of the Lost,['Kelley Armstrong'],2016,416.0
/works/OL20018901W,Beetle boy,['M. G. Leonard'],2016,303.0
/works/OL20028051W,Central Station,['Lavie Tidhar'],2016,325.0
/works/OL17822043W,A study in sable,"['Mercedes Lackey', 'Gemma Dawson']",2016,314.0
/works/OL20033943W,Moo,['Sharon Creech'],2016,288.0
/works/OL20715763W,Master of her innocence,['Chantelle Shaw'],2016,234.0
/works/OL20021591W,Rita the Frog Princess Fairy,['Daisy Meadows'],2016,69.0
/works/OL20027548W,Troublemaker,['Linda Howard'],2016,501.0
/works/OL20046847W,Scar Island,['Dan Gemeinhart'],2016,253.0
/works/OL20048360W,Burned,['Benedict Jacka'],2016,326.0
/works/OL21282686W,The Fireman,['Joe Hill'],2016,768.0
/works/OL20113113W,The Longest Day,['Erin Hunter'],2016,352.0
/works/OL17371638W,The Trespasser,"['Tana French', 'Hilda Fay']",2016,488.0
/works/OL20030750W,Dead of night,['Erin Hunter'],2016,300.0
/works/OL19662569W,Furthermore,['Tahereh Mafi'],2016,424.0
/works/OL19663325W,The steep & thorny way,['Cat Winters'],2016,352.0
/works/OL20854401W,A virgin for Vasquez,['Cathy Williams'],2016,248.0
/works/OL19545119W,Ricky Ricotta's Mighty Robot vs the Naughty Night-Crawlers from Neptune,['Dav Pilkey'],2016,128.0
/works/OL17746560W,Bridget Jones's baby,"['Helen Fielding', 'Helen Filding']",2016,240.0
/works/OL20243305W,13 Minutes,['Sarah Pinborough'],2016,392.0
/works/OL19745616W,Lying in wait,['Liz Nugent'],2016,324.0
/works/OL24212673W,Storm and Silence,['Robert Thier'],2016,596.0
/works/OL28948986W,Never Never,"['Colleen Hoover', 'Tarryn Fisher']",2016,400.0
/works/OL20033467W,The girl in the ice,['Robert Bryndza'],2016,408.0
/works/OL20034338W,Over the Garden Wall,['Pat McHale'],2016,144.0
/works/OL17335947W,Princess Between Worlds,['Elizabeth Dawson Baker'],2016,232.0
/works/OL17934980W,When the Moon Was Ours,['Anna-Marie McLemore'],2016,286.0
/works/OL19736097W,Il fantasma del Colosseo,['Elisabetta Dami'],2016,161.0
/works/OL19712767W,Pogingen iets van het leven te maken,['Hendrik Groen'],2016,384.0
/works/OL20240793W,Illicit Night with the Greek,['Susanna Carr'],2016,192.0
/works/OL19359405W,Rushing Waters,"['Danielle Steel', 'Dan John Miller']",2016,359.0
/works/OL20568723W,A Rising Man,['Abir Mukherjee'],2016,400.0
/works/OL20889095W,The billionaire's baby swap,"['Rebecca Winters', 'Michelle Major']",2016,256.0
/works/OL20832917W,Rent a bridesmaid,['Jacqueline Wilson'],2016,360.0
/works/OL19334428W,Paper and Fire (Novels of the Great Library),['Rachel Caine'],2016,357.0
/works/OL22540651W,Captive Heart,['Michelle Griep'],2016,438.0
/works/OL20024169W,The nameless city,['Faith Erin Hicks'],2016,240.0
/works/OL20877253W,The girls,['Lisa Jewell'],2016,437.0
/works/OL18823056W,The Christmasaurus,"['Tom Fletcher', 'THE CHRISTMASAURUS -', 'Tom Fletcher', 'Tom Fletcher', 'Tom Fletcher', 'Shane Devries']",2016,384.0
/works/OL20104374W,Miss Peregrine's Journal for Peculiar Children (Miss Peregrine's Peculiar Children),['Ransom Riggs'],2016,192.0
/works/OL17345053W,Trois jours et une vie,['Pierre Lemaitre'],2016,256.0
/works/OL19715142W,The couple next door,['Shari Lapeña'],2016,369.0
/works/OL20051775W,Trapped in a video game,['Dustin Brady'],2016,144.0
/works/OL17356046W,Eligible,['Curtis Sittenfeld'],2016,528.0
/works/OL19915983W,Escape from Asylum,['Madeleine Roux'],2016,352.0
/works/OL20042339W,Everything for her,['giana darling'],2016,379.0
/works/OL20025851W,The Star-Touched Queen,['Roshani Chokshi'],2016,355.0
/works/OL19275125W,The Beast,['J. R. Ward'],2016,526.0
/works/OL20035224W,Behind the throne,['K. B. Wagers'],2016,424.0
/works/OL25735020W,"Forget Me Not, Stranger",['Novoneel Chakraborty'],2016,272.0
/works/OL20046945W,This is our story,"['Ashley Elston', 'Eric Michael Summerer', 'Amy Melissa Bentley']",2016,316.0
/works/OL20889183W,Bound to the billionaire,"['Chantelle Shaw', 'Maggie Cox', 'Christina Hollis']",2016,187.0
/works/OL22057413W,Twisted Palace,['Erin Watt'],2016,370.0
/works/OL17597661W,Diary of Minecraft Zombie,,2016,90.0
/works/OL20047151W,"Paper Girls, Vol. 2","['Brian K. Vaughan', 'Cliff Chiang']",2016,128.0
/works/OL17594401W,Todo esto te daré,['Dolores Redondo'],2016,624.0
/works/OL20045217W,The 100,['Kass Morgan'],2016,299.0
/works/OL17358381W,As Time Goes By,['Mary Higgins Clark'],2016,294.0
/works/OL21595001W,Cinderella for the Greek,['Julia James'],2016,192.0
/works/OL21578855W,Pregnant by the CEO,"['Jennie Lucas', 'Kate Carlisle', 'Connie Cox']",2016,560.0
/works/OL19764490W,Il tesoro scomparso,['Elisabetta Dami'],2016,170.0
/works/OL19913236W,My Lady Jane,"['Cynthia Hand', 'Brodi Ashton', 'Jodi Meadows']",2016,512.0
/works/OL20024972W,The Glittering Court,['Richelle Mead'],2016,400.0
/works/OL17862749W,オーバーロード1 不死者の王,"['丸山くがね', 'so-bin']",2016,267.0
/works/OL21580116W,Billionaire Who Saw Her Beauty,['Rebecca Winters'],2016,256.0
/works/OL20038344W,Kill or be killed,['James Patterson'],2016,464.0
/works/OL19700766W,Mr. Splitfoot,['Samantha Hunt'],2016,352.0
/works/OL20111843W,The Devourers,['Indra Das'],2016,313.0
/works/OL19347457W,Saturdays at Sea,['Jessica Day George'],2016,256.0
/works/OL20043548W,Never never,"['James Patterson', 'Candice Fox']",2016,368.0
/works/OL19665855W,Passenger,['Alexandra Bracken'],2016,496.0
/works/OL19913857W,Secret History,['Brandon Sanderson'],2016,240.0
/works/OL20037210W,As I descended,['Robin Talley'],2016,384.0
/works/OL17846768W,World of Warcraft,['William King'],2016,368.0
/works/OL17632722W,The Fireman,['Joe Hill'],2016,768.0
/works/OL17358400W,The Passenger,['Lisa Lutz'],2016,328.0
/works/OL19356000W,Lady Midnight (The Dark Artifices),['Cassandra Clare'],2016,688.0
/works/OL20868843W,Life is sweet,['Cathy Cassidy'],2016,383.0
/works/OL20021526W,The winner's kiss,['Marie Rutkoski'],2016,484.0
/works/OL19663905W,Commonwealth,['Ann Patchett'],2016,322.0
/works/OL20805560W,Cuckoo Song,['Frances Hardinge'],2016,432.0
/works/OL19191776W,Mary the Sharing Fairy,['Daisy Meadows'],2016,80.0
/works/OL20016073W,Orphan X,['Gregg Andrew Hurwitz'],2016,356.0
/works/OL17876020W,A House Without Windows,['Nadia Hashimi'],2016,217.0
/works/OL20045949W,The marriage lie,['Kimberly Belle'],2016,384.0
/works/OL20020535W,Fire touched,['Patricia Briggs'],2016,342.0
/works/OL20027059W,Vengeance,['Zane'],2016,288.0
/works/OL20033374W,Woman of god,"['James Patterson', 'Maxine Paetro']",2016,400.0
/works/OL21582977W,Gold Collection : Surrender to the Tycoon,['Chantelle Shaw'],2016,560.0
/works/OL19398342W,Pirate,"['Clive Cussler', 'Robin Burcell']",2016,400.0
/works/OL19713513W,They Both Die at the End,['Adam Silvera'],2017,373.0
/works/OL17812914W,Diary of a Wimpy Kid,['Jeff Kinney'],2017,218.0
/works/OL17797857W,One Of Us Is Lying,"['Karen M. McManus', 'Moisés Barcia Rodríguez', 'Yaʻel Akhmon']",2017,360.0
/works/OL17837968W,Artemis,['Andy Weir'],2017,337.0
/works/OL18203673W,The Seven Husbands of Evelyn Hugo,['Taylor Jenkins Reid'],2017,400.0
/works/OL17714701W,The Hate U Give,"['Angie Thomas', 'Angie Thomas']",2017,448.0
/works/OL17791167W,Tower of Dawn,['Sarah J. Maas'],2017,680.0
/works/OL19736215W,Then She Was Gone,['Lisa Jewell'],2017,405.0
/works/OL17842319W,Turtles All the Way Down,['John Green'],2017,304.0
/works/OL17823218W,A Court of Wings and Ruin,['Sarah J. Maas'],2017,720.0
/works/OL17714997W,Nightfall,['Shannon Messenger'],2017,800.0
/works/OL18147673W,The Ship of the Dead,['Rick Riordan'],2017,439.0
/works/OL19332006W,The Collapsing Empire (The Interdependency),['John Scalzi'],2017,336.0
/works/OL17844203W,Dog Man and Cat Kid,"['Dav Pilkey', 'George Beard', 'Harold Hutchins', 'Jose Garibaldi']",2017,256.0
/works/OL17762217W,Pachinko,['Min Jin Lee'],2017,512.0
/works/OL19659793W,Children of Blood and Bone,['Tomi Adeyemi'],2017,552.0
/works/OL19781733W,Eleanor Oliphant is Completely Fine,['Gail Honeyman'],2017,352.0
/works/OL20054906W,If We Were Villains,['M. L. Rio'],2017,368.0
/works/OL17710050W,The Dark Prophecy,['Rick Riordan'],2017,432.0
/works/OL20885951W,Without Merit,"['Colleen Hoover', 'Candace Thaxton']",2017,384.0
/works/OL17812650W,Refugee,['Alan Gratz'],2017,352.0
/works/OL17812662W,Tales from a NOT-SO-Secret Crush Catastrophe,['Rachel Renée Russell'],2017,272.0
/works/OL19737591W,Daughter of the pirate king,['Tricia Levenseller'],2017,336.0
/works/OL17635834W,Lincoln in the Bardo,"['George Saunders', 'Amir Tsukerman']",2017,426.0
/works/OL21213411W,The Bear and the Nightingale,['Katherine Arden'],2017,368.0
/works/OL18147682W,The Woman in the Window: A Novel,['A. J. Finn'],2017,456.0
/works/OL19324556W,Star Wars - Thrawn,"['Timothy Zahn', 'Albert Agut Iglesias']",2017,496.0
/works/OL19666031W,"Always and Forever, Lara Jean",['Jenny Han'],2017,331.0
/works/OL19623241W,The City of Brass,['Shannon A. Chakraborty'],2017,544.0
/works/OL17636077W,King's Cage,['Victoria Aveyard'],2017,556.0
/works/OL19330491W,The Rise and Fall of D.O.D.O.,"['Neal Stephenson', 'Nicole Galland']",2017,753.0
/works/OL17914663W,All Systems Red,['Martha Wells'],2017,158.0
/works/OL17887575W,Conversations With Friends,['Sally Rooney'],2017,321.0
/works/OL17635446W,Exit West,['Mohsin Hamid'],2017,231.0
/works/OL17827992W,La Belle Sauvage,['Philip Pullman'],2017,480.0
/works/OL17867102W,Renegades,['Marissa Meyer'],2017,584.0
/works/OL17881779W,Dragon Teeth,['Michael Crichton'],2017,336.0
/works/OL19792034W,QualityLand,['Marc-Uwe Kling'],2017,371.0
/works/OL17876380W,Dear Martin,['Nic Stone'],2017,224.0
/works/OL19068751W,I Am Not Your Perfect Mexican Daughter,['Erika L. Sánchez'],2017,343.0
/works/OL20043519W,Behind her eyes,['Sarah Pinborough'],2017,320.0
/works/OL18008837W,History Is All You Left Me,"['Adam Silvera', 'Becky Albertalli']",2017,299.0
/works/OL19360836W,The Twisted Ones,"['Kira Breed-Wrisley', 'Scott Cawthon']",2017,304.0
/works/OL19720196W,Jade City,['Fonda Lee'],2017,512.0
/works/OL20152672W,No Exit,['Taylor Adams'],2017,352.0
/works/OL17801248W,Walkaway,['Cory Doctorow'],2017,496.0
/works/OL19710804W,Less,['Andrew Sean Greer'],2017,280.0
/works/OL19740494W,War Storm,['Victoria Aveyard'],2017,672.0
/works/OL17762236W,Borne,['Jeff VanderMeer'],2017,330.0
/works/OL17752993W,"Sita, Warrior of Mithila",['Amish Tripathi'],2017,380.0
/works/OL19710621W,Minecraft,"['Max Brooks', 'Макс Брукс']",2017,288.0
/works/OL17812652W,Real Friends,['Shannon Hale'],2017,224.0
/works/OL19360844W,A Good Old-Fashioned Wedgie,['Lincoln Pierce'],2017,176.0
/works/OL19668417W,We are okay,['Nina LaCour'],2017,234.0
/works/OL17931101W,Camino Island,['John Grisham'],2017,336.0
/works/OL17714886W,A Conjuring of Light,['V. E. Schwab'],2017,680.0
/works/OL17888183W,Red Sister,['Mark Lawrence'],2017,500.0
/works/OL17792692W,Temporada de huracanes,['Fernanda Melchor'],2017,231.0
/works/OL20654696W,Beartown,['Fredrik Backman'],2017,432.0
/works/OL19661412W,Restart,['Gordon Korman'],2017,256.0
/works/OL17897191W,Darker,['E. L. James'],2017,616.0
/works/OL19347138W,Nevermoor,['Jessica Townsend'],2017,512.0
/works/OL19745976W,Sometimes I lie,['Alice Feeney'],2017,367.0
/works/OL17800586W,the sun and her flowers,['Rupi Kaur'],2017,256.0
/works/OL19650721W,Waking Gods,['Sylvain Neuvel'],2017,336.0
/works/OL18020460W,The Woman In Cabin 10,['Ruth Ware'],2017,352.0
/works/OL19742768W,The Word is Murder,['Anthony Horowitz'],2017,400.0
/works/OL17755218W,Beren and Lúthien,"['J.R.R. Tolkien', 'Christopher Tolkien', 'ʻImanuʼel Loṭem']",2017,293.0
/works/OL17937993W,New York 2140,['Kim Stanley Robinson'],2017,656.0
/works/OL19711736W,The Good Daughter,['Karin Slaughter'],2017,515.0
/works/OL17876066W,The Language of Thorns,"['Leigh Bardugo', 'Carlos Loscertales']",2017,304.0
/works/OL20059198W,Final Girls,['Riley Sager'],2017,352.0
/works/OL17840828W,Sourdough,['Robin Sloan'],2017,272.0
/works/OL19882516W,The Loneliest Girl in the Universe,['Lauren James'],2017,320.0
/works/OL20218895W,Camp Half-Blood Confidential,['Rick Riordan'],2017,176.0
/works/OL19711761W,Stay with me,['Ayòbámi Adébáyò'],2017,304.0
/works/OL19359456W,The Midnight Line,['Lee Child'],2017,416.0
/works/OL19735648W,The wife between us,['Greer Hendricks'],2017,392.0
/works/OL17933286W,Never Say Die,['Anthony Horowitz'],2017,349.0
/works/OL19662791W,The Marrow Thieves,['Cherie Dimaline'],2017,234.0
/works/OL17826879W,"Sing, Unburied, Sing",['Jesmyn Ward'],2017,304.0
/works/OL20168395W,Darkest Night,['Erin Hunter'],2017,336.0
/works/OL18021055W,Autoboyography,['Christina Lauren'],2017,416.0
/works/OL17778666W,The Ministry of Utmost Happiness,['Arundhati Roy'],2017,464.0
/works/OL18197409W,Year One,['Nora Roberts'],2017,464.0
/works/OL20052661W,Kings of the wyld,['Nicholas Eames'],2017,529.0
/works/OL17640880W,Homesick For Another World,"['Ottessa Moshfegh', 'Alexandre Gombau Arnau']",2017,304.0
/works/OL21611451W,Claimed for the Leonelli Legacy,['Lynne Graham'],2017,208.0
/works/OL17881901W,The Stone Sky,['N. K. Jemisin'],2017,448.0
/works/OL20057676W,The Girl with the Make-Believe Husband,['Julia Quinn'],2017,384.0
/works/OL19712709W,The Lying Game,['Ruth Ware'],2017,440.0
/works/OL19667350W,Warcross,['Marie Lu'],2017,416.0
/works/OL17867097W,The Gentleman's Guide to Vice and Virtue,['Mackenzi Lee'],2017,529.0
/works/OL19636245W,Her Body and Other Parties,['Carmen Maria Machado'],2017,248.0
/works/OL17795270W,The Misadventures of Max Crumbly 2,['Rachel Renée Russell'],2017,240.0
/works/OL19651194W,The Silent Corner,['Dean Koontz'],2017,464.0
/works/OL19724743W,I am watching you,['Teresa Driscoll'],2017,287.0
/works/OL20060313W,The Alice network,['Kate Quinn'],2017,444.0
/works/OL17876071W,When Dimple Met Rishi,['Sandhya Menon'],2017,393.0
/works/OL19551794W,The Heart's Invisible Furies,"['John Boyne', 'Jordi Cussà Balaguer']",2017,688.0
/works/OL19352868W,The War I Finally Won,"['Kimberly Brubaker Bradley', 'Josie Portillo']",2017,400.0
/works/OL19339910W,Autonomous,['Annalee Newitz'],2017,300.0
/works/OL20760520W,It Only Happens in the Movies,['Holly Bourne'],2017,185.0
/works/OL19670679W,Spy School secret service,['Stuart Gibbs'],2017,352.0
/works/OL19346514W,Shattered Sky,['Erin Hunter'],2017,332.0
/works/OL20701408W,The Nine-Chambered Heart,['Janice Pariat'],2017,220.0
/works/OL19755244W,Il segreto delle fate dei cristalli,['Elisabetta Dami'],2017,316.0
/works/OL17930362W,The Rooster Bar,['John Grisham'],2017,368.0
/works/OL19726031W,Into the Drowning Deep,['Mira Grant'],2017,221.0
/works/OL19519480W,The Empty Grave,['Jonathan Stroud'],2017,480.0
/works/OL19718519W,The core,['Peter V. Brett'],2017,848.0
/works/OL19356864W,16th Seduction,"['James Patterson', 'Maxine Paetro']",2017,384.0
/works/OL19857123W,Payback,['Gordon Korman'],2017,315.0
/works/OL19551795W,The Travelling Cat Chronicles,['有川ひろ'],2017,256.0
/works/OL17799411W,In Other Lands,['Sarah Rees Brennan'],2017,437.0
/works/OL20049334W,A list of cages,['Robin Roe'],2017,315.0
/works/OL17748459W,An Elephant and Piggy Biggie,['Mo Willems'],2017,318.0
/works/OL18147677W,Beneath a Scarlet Sky,['Mark T. Sullivan'],2017,576.0
/works/OL19670996W,The Bone Witch,['Rin Chupeco'],2017,411.0
/works/OL19721842W,An enchantment of ravens,['Margaret Rogerson'],2017,310.0
/works/OL19721977W,An unkindness of ghosts,"['Rivers Solomon', 'Francis Guévremont']",2017,282.0
/works/OL19655469W,The people vs. Alex Cross,['James Patterson'],2017,432.0
/works/OL21598762W,Greek Escape,"['Lynne Graham', 'Jennie Lucas', 'Melanie Milburne']",2017,576.0
/works/OL19711766W,Y is for yesterday,['Sue Grafton'],2017,496.0
/works/OL17765039W,Into the Water,['Paula Hawkins'],2017,400.0
/works/OL19333591W,The Chalk Man,['C. J. Tudor'],2017,352.0
/works/OL21838060W,Long Way Down,['Jason Reynolds'],2017,208.0
/works/OL19746122W,Making bombs for Hitler,['Marsha Forchuk Skrypuch'],2017,235.0
/works/OL19312248W,The Legend of Shadow High,"['Shannon Hale', 'Dean Hale']",2017,336.0
/works/OL20060102W,Letters to the lost,['Brigid Kemmerer'],2017,416.0
/works/OL17810699W,No middle name,['Lee Child'],2017,448.0
/works/OL20051000W,Change agent,['Daniel Suarez'],2017,416.0
/works/OL19713486W,The art of starving,['Sam J. Miller'],2017,386.0
/works/OL19716870W,Chasing Red,['Isabelle Ronin'],2017,395.0
/works/OL19356256W,End Game,['David Baldacci'],2017,432.0
/works/OL17881330W,Invisible Emmie,['Terri Libenson'],2017,192.0
/works/OL26433359W,Shivaji,"['Ranjit Desai', 'Vikrant Pande']",2017,592.0
/works/OL18021056W,The Black Tides of Heaven,"['Neon Yang', 'Nancy Wu']",2017,122.0
/works/OL20058488W,Erotic stories for Punjabi widows,['Balli Kaur Jaswal'],2017,298.0
/works/OL19666051W,Beyond the Bright Sea,['Lauren Wolk'],2017,283.0
/works/OL19713928W,Insignificant events in the life of a cactus,['Dusti Bowling'],2017,288.0
/works/OL20168784W,Undercover Princess,['Connie Glynn'],2017,384.0
/works/OL17796132W,I Survived,['Lauren Tarshis'],2017,144.0
/works/OL17930365W,The Black Book,"['James Patterson', 'David Ellis']",2017,448.0
/works/OL20521432W,The One,['John Marrs'],2017,416.0
/works/OL24610711W,Toxic,['Nicole Blanchard'],2017,278.0
/works/OL20100879W,The Strange Case of the Alchemist's Daughter,['Theodora Goss'],2017,409.0
/works/OL25299604W,Saving Noah,"['Lucinda Berry', 'Carrington MacDuffie']",2017,267.0
/works/OL19324029W,Future Home of the Living God,['Louise Erdrich'],2017,288.0
/works/OL19763347W,Rosewater,"['Tade Thompson', 'Raúl García Campos']",2017,384.0
/works/OL19730066W,The Hazel Wood,['Melissa Albert'],2017,368.0
/works/OL20053660W,Rich People Problems,['Kevin Kwan'],2017,488.0
/works/OL19350020W,The Whispering Room,['Dean Koontz'],2017,529.0
/works/OL20051647W,The upside of unrequited,['Becky Albertalli'],2017,360.0
/works/OL20220226W,The Goldfish Boy,['Lisa Thompson'],2017,320.0
/works/OL20801026W,Minor Detail,"['عدنية شبلي', 'Elisabeth Jaquette (Translator)']",2017,136.0
/works/OL20046932W,Allegedly,['Tiffany D. Jackson'],2017,400.0
/works/OL20158699W,See You in the Cosmos,['Jack Cheng'],2017,320.0
/works/OL20158438W,Hello Universe,['Erin Entrada Kelly'],2017,274.0
/works/OL20058926W,The boy on the bridge,['Mike Carey'],2017,432.0
/works/OL19713517W,What to say next,['Julie Buxbaum'],2017,282.0
/works/OL17857348W,Persepolis rising,['James S. A. Corey'],2017,555.0
/works/OL19356257W,The Fix,['David Baldacci'],2017,477.0
/works/OL18013215W,Manhattan Beach,['Jennifer Egan'],2017,512.0
/works/OL19717798W,Moxie,['Jennifer Mathieu'],2017,352.0
/works/OL18825181W,A Dog's Way Home,['W. Bruce Cameron'],2017,336.0
/works/OL20057442W,I believe in a thing called love,['Maurene Goo'],2017,344.0
/works/OL19720191W,Hardcore twenty-four,['Janet Evanovich'],2017,315.0
/works/OL19213555W,Seven Surrenders,['Ada Palmer'],2017,400.0
/works/OL20060126W,What I lost,['Alexandra Ballard'],2017,395.0
/works/OL19742648W,For We Are Many,['Dennis E. Taylor'],2017,351.0
/works/OL19631813W,Snapshot,['Brandon Sanderson'],2017,126.0
/works/OL19720043W,The witch boy,"['Lee Knox Ostertag', 'Sonia Fernández Ordás']",2017,224.0
/works/OL20049332W,Goodbye days,['Jeff Zentner'],2017,416.0
/works/OL17868253W,Home Fire,['Kamila Shamsie'],2017,288.0
/works/OL17879630W,Six Wakes,['Mur Lafferty'],2017,391.0
/works/OL20084923W,The Rage Of Dragons,['Evan Winter'],2017,438.0
/works/OL19652832W,Lost Boy,['Christina Henry'],2017,297.0
/works/OL20537509W,Hideaway,['Penelope Douglas'],2017,474.0
/works/OL19090261W,Secrets in Death,['Nora Roberts'],2017,416.0
/works/OL25735602W,It Started with a Friend Request,['Sudeep Nagarkar'],2017,212.0
/works/OL26792996W,They Both Die at the End,['Adam Silvera'],2017,416.0
/works/OL17787521W,Search for the Lightning Dragon,['Tracey West'],2017,93.0
/works/OL19652737W,Tigerheart's Shadow,['Erin Hunter'],2017,464.0
/works/OL19346519W,Broken Pride,"['Erin Hunter', 'Owen Richardson']",2017,336.0
/works/OL20112777W,Best Friends,['Shannon Hale'],2017,256.0
/works/OL19671166W,A boy called Bat,['Elana K. Arnold'],2017,100.0
/works/OL17710046W,The Battlemage,['Taran Matharu'],2017,384.0
/works/OL17764484W,My not so Perfect Life,['Madeleine Wickham'],2017,451.0
/works/OL21622637W,Sea of Rust,['C. Robert Cargill'],2017,365.0
/works/OL21609303W,Forbidden Desires,"['Dani Collins', 'Lindsay Armstrong', 'Marion Lennox']",2017,576.0
/works/OL19635259W,Into the Shadows,['Erin Hunter'],2017,328.0
/works/OL20854011W,Secrets of a Billionaire's Mistress,['Sharon Kendrick'],2017,208.0
/works/OL20052455W,The perfect stranger,['Megan Miranda'],2017,352.0
/works/OL20047335W,The keeper of lost things,['Ruth Hogan'],2017,312.0
/works/OL19717210W,Hunting Prince Dracula,['Kerri Maniscalco'],2017,476.0
/works/OL20044854W,This is how it always is,['Laurie Frankel'],2017,336.0
/works/OL26570450W,"Long, Tall Texans",['Diana Palmer'],2017,395.0
/works/OL19716686W,Star Wars - From a Certain Point of View,"['Renée Ahdieh', 'Meg Cabot', 'Pierce Brown', 'Nnedi Okorafor', 'Sabaa Tahir']",2017,496.0
/works/OL18821119W,The Duchess Deal,['Tessa Dare'],2017,384.0
/works/OL20849682W,The Italian's One-Night Baby,['Lynne Graham'],2017,208.0
/works/OL19727014W,Winter,['Ali Smith'],2017,321.0
/works/OL20565093W,The magic misfits,"['Neil Patrick Harris', 'Lissy Marlin', 'Kyle Hilton']",2017,272.0
/works/OL19087188W,Worlds Collide,['Chris Colfer'],2017,457.0
/works/OL20060375W,Lucky in love,['Kasie West'],2017,342.0
/works/OL20781727W,Unsouled,['Will Wight'],2017,292.0
/works/OL19351481W,It's Not Like It's a Secret,['Misa Sugiura'],2017,400.0
/works/OL17788138W,The Last Magician,['Lisa Maxwell'],2017,508.0
/works/OL19573556W,Echoes in Death,['Nora Roberts'],2017,464.0
/works/OL19730695W,There's someone inside your house,['Stephanie Perkins'],2017,312.0
/works/OL18149680W,Provenance,['Ann Leckie'],2017,464.0
/works/OL17873562W,Attack of the Jack,['Robert Lawrence Stine'],2017,152.0
/works/OL18020233W,Fifty Fifty,"['James Patterson', 'Candice Fox']",2017,416.0
/works/OL21611454W,His Sweet Revenge,"['Miranda Lee', 'Lucy Monroe', 'Maya Blake', 'Katherine Garbera']",2017,576.0
/works/OL20053644W,The Girl Who Knew Too Much,['Jayne Ann Krentz'],2017,400.0
/works/OL20053653W,The light we lost,['Jill Santopolo'],2017,328.0
/works/OL20056505W,Sad girls,['Lang Leav'],2017,365.0
/works/OL19541804W,The Changeling,['Victor D. LaValle'],2017,440.0
/works/OL20810850W,The innocent's shameful secret,['Sara Craven'],2017,224.0
/works/OL20188485W,What the Hell Did I Just Read,['David Wong'],2017,384.0
/works/OL19741986W,The Silent Companions,['Laura Purcell'],2017,343.0
/works/OL20046506W,Devil in Spring,['Lisa Kleypas'],2017,384.0
/works/OL21603882W,"Class A, The Graphic Novel","['Robert Muchamore', 'David Combet', 'Andrew Donkin', 'Baptiste Payen']",2017,128.0
/works/OL19398420W,The Scandal: Published in the U.S. as Beartown,['Fredrik Backman'],2017,632.0
/works/OL20639297W,The Girl Who Lived,['Christopher Greyson'],2017,295.0
/works/OL19719464W,Anne of Green Gables,['Mariah Marsden'],2017,232.0
/works/OL19720042W,The Tea Dragon Society,"[""Kay O'Neill""]",2017,66.0
/works/OL20163656W,From Hero to Zero,"['James Patterson', 'Christopher Tebbetts']",2017,304.0
/works/OL19717276W,Akata Warrior,"['Nnedi Okorafor', 'Yetide Badaki', 'Carla Bataller Estruch']",2017,464.0
/works/OL19722886W,The Caldera,['John Flanagan'],2017,355.0
/works/OL17846745W,Star Wars - Aftermath Trilogy - Empire's End,['Chuck Wendig'],2017,512.0
/works/OL17854694W,Long Way Down,['Jason Reynolds'],2017,321.0
/works/OL18020138W,Don't Let Go,['Harlan Coben'],2017,384.0
/works/OL24174686W,By Your Side,['Kasie West'],2017,352.0
/works/OL21180664W,Spellslinger,['Sebastien de Castell'],2017,233.0
/works/OL20054922W,Notes of a crocodile,['Miaojin Qiu'],2017,242.0
/works/OL20058277W,Down among the sticks and bones,['Seanan McGuire'],2017,187.0
/works/OL17832506W,Uncommon Type,['Tom Hanks'],2017,416.0
/works/OL19664911W,All's faire in middle school,['Victoria Jamieson'],2017,248.0
/works/OL20154953W,Three Daughters of Eve,['Elif Şafak'],2017,384.0
/works/OL17814937W,Whatever After,['Sarah Mlynowski'],2017,238.0
/works/OL19551815W,Wave Me Goodbye,['Jacqueline Wilson'],2017,464.0
/works/OL20684046W,The Flash,['Barry Lyga'],2017,272.0
/works/OL20060094W,Eliza and her monsters,['Francesca Zappia'],2017,409.0
/works/OL19631260W,Fear Street Novel - Give Me a K-I-L-L,['Robert Lawrence Stine'],2017,288.0
/works/OL20059530W,The idea of you,['Robinne Lee'],2017,372.0
/works/OL19742673W,Arrête avec tes mensonges,"['Philippe Besson', 'Philippe Besson']",2017,160.0
/works/OL19665234W,Miles Morales,['Jason Reynolds'],2017,179.0
/works/OL19731989W,I Am Not Okay With This,"['Charles Forsman', 'Regina López Muñoz']",2017,176.0
/works/OL17851392W,Piecing Me Together,['Renée Watson'],2017,264.0
/works/OL19724838W,Always red,['Isabelle Ronin'],2017,375.0
/works/OL20046537W,Universal harvester,['John Darnielle'],2017,224.0
/works/OL19667956W,The inexplicable logic of my life,['Benjamin Alire Sáenz'],2017,464.0
/works/OL20636722W,Will Save The Galaxy For Food,['Yahtzee Croshaw'],2017,286.0
/works/OL17877980W,Vicious Circle,['C. J. Box'],2017,417.0
/works/OL20048746W,A song for the Thea sisters,['Elisabetta Dami'],2017,54.0
/works/OL19663923W,Geekerella,['Ashley Poston'],2017,348.0
/works/OL20048708W,Goosebumps SlappyWorld - Slappy Birthday to You,"['Robert Lawrence Stine', 'Joe Fria', 'Lucien Dodge', 'Lucien Dodge Joe Fria']",2017,144.0
/works/OL19627215W,Star Wars - Phasma,['Delilah S. Dawson'],2017,400.0
/works/OL19717807W,Starfish,"['Akemi Dawn Bowman', 'Paz Pruneda Gozálvez']",2017,384.0
/works/OL19717941W,Hate to want you,['Alisha Rai'],2017,186.0
/works/OL19728898W,What girls are made of,['Elana K. Arnold'],2017,208.0
/works/OL19650255W,Legends of the Clans,"['Erin Hunter', 'Dave Stevenson', 'Owen Richardson']",2017,336.0
/works/OL19723987W,Snow falling,['Jane Gloriana Villanueva'],2017,238.0
/works/OL19752772W,The Roses of May,['Dot Hutchison'],2017,324.0
/works/OL19324160W,Crazy House,['James Patterson'],2017,368.0
/works/OL20632440W,The librarian of Auschwitz,"['Salva Rubio', 'Antonio Iturbe']",2017,288.0
/works/OL19713943W,Thornhill,['Pam Smy'],2017,544.0
/works/OL19730697W,One dark throne,['Kendare Blake'],2017,166.0
/works/OL19331950W,The Final Day: A John Matherson Novel,['William R. Forstchen'],2017,349.0
/works/OL19154576W,Raven Stratagem (Machineries of Empire),['Yoon Ha Lee'],2017,400.0
/works/OL19541546W,At the Edge of the Universe,['Shaun David Hutchinson'],2017,497.0
/works/OL19762825W,Tales of an 8-Bit Kitten #1,['Cube Kid'],2017,283.0
/works/OL17749903W,Defy the Stars,['Claudia Gray'],2017,503.0
/works/OL20892035W,We Were the Lucky Ones,['Georgia Hunter'],2017,448.0
/works/OL19717351W,Greetings from witness protection!,['Jake Burt'],2017,359.0
/works/OL19657663W,Star Wars - Leia - Princess of Alderaan,"['Claudia Gray', 'Axelle Demoulin', 'Nicolas Ancion']",2017,416.0
/works/OL19718501W,Friend Request,['Laura Marshall'],2017,384.0
/works/OL19720756W,The stars beneath our feet,['David Barclay Moore'],2017,304.0
/works/OL19624518W,Daughter of the Pirate King,['Tricia Levenseller'],2017,320.0
/works/OL19721940W,Paul takes the form of a mortal girl,['Andrea Lawlor'],2017,336.0
/works/OL17772395W,Difficult Women,['Roxane Gay'],2017,272.0
/works/OL20057431W,The Black Witch,['Laurie Forest'],2017,601.0
/works/OL21603784W,Sheikh's Desert Desire,"['Lynn Raye Harris', 'Maisey Yates', 'Tara Pammi']",2017,186.0
/works/OL20755811W,Tesori Perduti,['Elisabetta Dami'],2017,352.0
/works/OL19714316W,The medical examiner,"['James Patterson', 'Maxine Paetro']",2017,125.0
/works/OL17762216W,"Goodbye, Vitamin",['Rachel Khong'],2017,208.0
/works/OL20058525W,Spoonbenders,"['Daryl Gregory', 'Ari Fliakos']",2017,408.0
/works/OL20054168W,"Alex, approximately",['Jenn Bennett'],2017,390.0
/works/OL18092161W,Gwendy's button box,"['Stephen King', 'Richard Chizmar', 'Richard T. Chizmar']",2017,176.0
/works/OL19722894W,Spook's Dark Assassin,['Joseph Delaney'],2017,319.0
/works/OL19712835W,Haunted,"['James Patterson', 'James O Born', 'James O. Born']",2017,368.0
/works/OL19740915W,Illegal,"['Eoin Colfer', 'Andrew Donkin']",2017,122.0
/works/OL21602456W,Brazilian Escape,"['Carol Marinelli', 'Sandra Marton', 'Tara Pammi']",2017,560.0
/works/OL20050432W,Who let the gods out?,['Maz Evans'],2017,368.0
/works/OL20059815W,One for sorrow,['Mary Downing Hahn'],2017,307.0
/works/OL17620025W,Kindred,"['Octavia E. Butler', 'Damian Duffy', 'John Jennings', 'María Barbado Mujica']",2017,240.0
/works/OL19731643W,A quiet kind of thunder,['Sara Barnard'],2017,363.0
/works/OL20656933W,I Am Slappy's Evil Twin,['Robert Lawrence Stine'],2017,129.0
/works/OL20043522W,Broken Glass,['V.C. Andrews'],2017,426.0
/works/OL20670260W,Most of All You,['Mia Sheridan'],2017,336.0
/works/OL19743684W,Love & luck,['Jenna Evans Welch'],2017,303.0
/works/OL19720242W,The Final Spark (Michael Vey #7),['Richard Paul Evans'],2017,338.0
/works/OL19325338W,A Million Junes,['Emily Henry'],2017,398.0
/works/OL19738982W,Good me bad me,['Ali Land'],2017,352.0
/works/OL17814556W,All the Crooked Saints,['Maggie Stiefvater'],2017,320.0
/works/OL19635836W,The Will to Battle,['Ada Palmer'],2017,400.0
/works/OL21603925W,Deal with the Devil,"['Cathy Williams', 'Michelle Conder', 'Jennifer Hayward']",2017,576.0
/works/OL19742698W,L'ordre du jour,['Éric Vuillard'],2017,137.0
/works/OL20048412W,Golden prey,['John Sandford'],2017,400.0
/works/OL19721393W,The Nowhere Girls,"['Amy Lynn Reed', 'Amy Reed']",2017,424.0
/works/OL19727497W,Girls made of snow and glass,['Melissa Bashardoust'],2017,384.0
/works/OL18011025W,In 27 Days,['Alison Gervais'],2017,352.0
/works/OL17888171W,Our Dark Duet,['V.E. Schwab'],2017,510.0
/works/OL27688909W,Three Thousand Stitches,['Sudha Murti'],2017,256.0
/works/OL20187238W,Forget Me Not,['Ellie Terry'],2017,333.0
/works/OL20893839W,You Should Have Left,['Daniel Kehlmann'],2017,128.0
/works/OL19742647W,All These Worlds,['Dennis E. Taylor'],2017,332.0
/works/OL19077560W,Made For Love,['Alissa Nutting'],2017,320.0
/works/OL20054720W,Count all her bones,['April Henry'],2017,227.0
/works/OL17844202W,My Life is a Joke,"['James Patterson', 'Chris Grabenstein']",2017,342.0
/works/OL20333428W,CatStronauts,['Drew Brockington'],2017,188.0
/works/OL19817651W,What It Means When A Man Falls From The Sky: The most acclaimed short story collection of the year,['Lesley Nneka Arimah'],2017,240.0
/works/OL20192760W,Small Great Things,['Jodi Picoult'],2017,625.0
/works/OL17834492W,The Losers Club,['Andrew Clements'],2017,248.0
/works/OL19667629W,"Bluebird, bluebird","['Attica Locke', 'Attica Locke']",2017,320.0
/works/OL19671639W,American Street,['Ibi Aanu Zoboi'],2017,324.0
/works/OL19665633W,White tears,['Hari Kunzru'],2017,288.0
/works/OL19630393W,Paradox Bound: A Novel,['Peter Clines'],2017,384.0
/works/OL20050194W,Spook street,['Mick Herron'],2017,352.0
/works/OL17856761W,Mask of Shadows,['Linsey Miller'],2017,352.0
/works/OL19087190W,Murder Games,"['James Patterson', 'Howard Roughan']",2017,368.0
/works/OL21597996W,From Sydney with Love,"['Kelly Hunter', 'Robyn Grady', 'Lindsay Armstrong']",2017,560.0
/works/OL18185112W,Deep Freeze,['John Sandford'],2017,400.0
/works/OL21606018W,When I Hit You,['Meena Kandasamy'],2017,256.0
/works/OL17640679W,Escape to Australia,"['James Patterson', 'Martin Chatterton']",2017,257.0
/works/OL19353452W,My Absolute Darling: A Novel,['Gabriel Tallent'],2017,432.0
/works/OL18020388W,The Mistress,['Danielle Steel'],2017,323.0
/works/OL19712309W,"Paper Girls, Vol. 3",['Brian K. Vaughan'],2017,128.0
/works/OL19350653W,Where the World Ends,['Geraldine McCaughrean'],2017,336.0
/works/OL19346479W,Shattered Memories,['V. C. Andrews'],2017,432.0
/works/OL20054185W,Honestly Ben,['Bill Konigsberg'],2017,339.0
/works/OL20058489W,The Essex Serpent,['Sarah Perry'],2017,416.0
/works/OL20816319W,Sold for the Greek's heir,['Lynne Graham'],2017,224.0
/works/OL17847681W,Dreamland Burning,['Jennifer Latham'],2017,371.0
/works/OL19724621W,The rules and regulations for mediating myths & magic,['F. T. Lukens'],2017,287.0
/works/OL19714182W,Amina's voice,['Hena Khan'],2017,208.0
/works/OL21608793W,Italian Bachelors : Steamy Seductions,"['Lynne Graham', 'Catherine George', 'Michelle Celmer']",2017,560.0
/works/OL20742691W,Tyll,"['Daniel Kehlmann', 'Ross Benjamin']",2017,352.0
/works/OL20810708W,The caller,['Chris Carter'],2017,470.0
/works/OL19634640W,Star Wars - Rebel Rising,['Beth Revis'],2017,416.0
/works/OL20045190W,City of saints & thieves,['Natalie C. Anderson'],2017,432.0
/works/OL19090262W,Leopard's Blood (Leopard People),['Christine Feehan'],2017,416.0
/works/OL20060097W,How to Make a Wish,['Ashley Herring Blake'],2017,352.0
/works/OL19712828W,Fairytale,['Danielle Steel'],2017,342.0
/works/OL21845553W,Sweet Bean Paste,"['Durian Sukegawa', 'Alison Watts']",2017,224.0
/works/OL19723104W,Star Wars - Canto Bight,"['Saladin Ahmed', 'Seanan McGuire', 'Rae Carson', 'John Jackson Miller', 'Mira Jackson']",2017,400.0
/works/OL19483505W,The Complete Sookie Stackhouse Stories,['Charlaine Harris'],2017,368.0
/works/OL18821102W,Since We Fell,['Dennis Lehane'],2017,432.0
/works/OL20059078W,The lines we cross,['Randa Abdel-Fattah'],2017,400.0
/works/OL20056119W,Once and for all,['Sarah Dessen'],2017,376.0
/works/OL19716622W,Slider,['Pete Hautman'],2017,283.0
/works/OL19090267W,Someone to Wed,['Mary Balogh'],2017,439.0
/works/OL19730220W,How to stop time,['Matt Haig'],2017,336.0
/works/OL19721927W,The indigo girl,['Natasha Boyd'],2017,355.0
/works/OL20221180W,Friday Barnes 6,['R. A. Spratt'],2017,272.0
/works/OL19712692W,Beautiful Tempest,['Johanna Lindsey'],2017,386.0
/works/OL20816086W,The desert king's blackmailed bride,['Lynne Graham'],2017,208.0
/works/OL20051644W,Sad perfect,['Stephanie Elliot'],2017,320.0
/works/OL20822798W,Her Sinful Secret,['Jane Porter'],2017,224.0
/works/OL18818802W,An Heir Made in the Marriage Bed,['Anne Mather'],2017,219.0
/works/OL24343850W,Bare,['Jackie Phamotse'],2017,300.0
/works/OL19330111W,The First Rule of Punk,['Celia C. Pérez'],2017,336.0
/works/OL19755606W,Detective Cross,['James Patterson'],2017,152.0
/works/OL22246565W,Alpha's Prize,"['Renee Rose', 'Lee Savino', 'Annalisa Lovat']",2017,288.0
/works/OL21157272W,Refugees,['Viet Thanh Nguyen'],2017,224.0
/works/OL18020222W,Blood Fury,"['J. R. Ward', 'jr ward']",2017,430.0
/works/OL20216465W,Son of a Trickster,['Eden Robinson'],2017,336.0
/works/OL19741953W,Simply the quest,['Maz Evans'],2017,373.0
/works/OL19714293W,Continental Crimes,['Martin Edwards'],2017,313.0
/works/OL20045948W,Little heaven,['Nick Cutter'],2017,579.0
/works/OL19716596W,The perfect score,['Rob Buyea'],2017,368.0
/works/OL19713472W,Genuine fraud,['E. Lockhart'],2017,288.0
/works/OL19653422W,The Rules of Magic,['Alice Hoffman'],2017,400.0
/works/OL20045215W,The you I've never known,['Ellen Hopkins'],2017,607.0
/works/OL19737769W,Kill Creek,['Scott Thomas'],2017,414.0
/works/OL19631174W,Dark Legacy,['Christine Feehan'],2017,413.0
/works/OL25746093W,Forever Is a Lie,['Novoneel Chakraborty'],2017,288.0
/works/OL19668385W,Ban this book,['Alan Gratz'],2017,256.0
/works/OL19662285W,Past Perfect,['Danielle Steel'],2017,320.0
/works/OL17621462W,Robot Revolution,['James Patterson'],2017,336.0
/works/OL19712100W,How to disappear,['Sharon Huss Roat'],2017,389.0
/works/OL17933293W,Dogs of War,"['Adrian Tchaikovsky', 'Henry-Luc Planchat']",2017,380.0
/works/OL20060104W,The love interest,['Cale Dietrich'],2017,381.0
/works/OL19634995W,An Unkindness of Magicians,['Kat Howard'],2017,384.0
/works/OL21357603W,His Merciless Marriage Bargain,['Jane Porter'],2017,192.0
/works/OL20055662W,Never let you go,['Chevy Stevens'],2017,416.0
/works/OL19670135W,Anything is possible,"['Elizabeth Strout', 'Esther Tallada Seco']",2017,280.0
/works/OL19342757W,Red Moon Rising,['Erin Hunter'],2017,300.0
/works/OL19717894W,Eugenia Lincoln and the unexpected package,['Kate DiCamillo'],2017,100.0
/works/OL24145323W,Viaggio in Messico,['Elisabetta Dami'],2017,224.0
/works/OL21154153W,Charlotte Says,['Alex Bell'],2017,352.0
/works/OL18821083W,Strange Weather: Four Short Novels,['Joe Hill'],2017,448.0
/works/OL19359551W,The Chosen,['J. R. Ward'],2017,569.0
/works/OL20884478W,Welcome to Nowhere,['Elizabeth Laird'],2017,352.0
/works/OL21610794W,Tycoon's Outrageous Proposal,"['Miranda Lee', 'Carole Mortimer']",2017,320.0
/works/OL20168590W,Posted,['John David Anderson'],2017,384.0
/works/OL19335582W,River of Teeth,['Sarah Gailey'],2017,176.0
/works/OL19711755W,Reincarnation blues,['Michael Poore'],2017,384.0
/works/OL20055106W,City of miracles,['Robert Jackson Bennett'],2017,451.0
/works/OL20168420W,Her Every Fear,['Peter Swanson'],2017,384.0
/works/OL19654066W,Typhoon fury,"['Clive Cussler', 'Boyd Morrison', 'Boyd Morrison']",2017,463.0
/works/OL20165925W,The Silent Wife,['Kerry Fisher'],2017,360.0
/works/OL19342747W,Wayfarer,['Alexandra Bracken'],2017,544.0
/works/OL19724205W,Infinite Stars,"['Bryan Thomas Schmidt', 'Robert Silverberg', 'Orson Scott Card', 'Brian Herbert', 'Kevin J. Anderson', 'William C. Dietz', 'Cordwainer Smith', 'Lois McMaster Bujold', 'Elizabeth Moon', 'Dave Bara', 'Catherine Asaro', 'Nnedi Okorafor', 'Larry Niven', 'Jerry Pournelle', 'Jean Johnson', 'Leigh Brackett', 'Edmond Hamilton', 'Jody Lynn Nye', 'Linda Nagata', 'Alastair Reynolds', 'Poul Anderson', 'A. C. Crispin', 'Bennett R. Coles', 'Anne McCaffrey', 'Charles E. Gannon', 'David Drake', 'Jack Campbell', 'David Weber']",2017,537.0
/works/OL17633577W,Dangerous Games,['Danielle Steel'],2017,354.0
/works/OL19710839W,What we lose,['Zinzi Clemmons'],2017,219.0
/works/OL21602454W,Here Comes the Groom - Wedding Party Collection,"['Rebecca Winters', 'Emma Darcy', 'Sophie Pembroke']",2017,560.0
/works/OL17848211W,Monster,['Michael Grant'],2017,420.0
/works/OL19650161W,The Devil's Bible: A Novel (The Bohemian Trilogy),['Dana Chamblee Carpenter'],2017,400.0
/works/OL18020227W,Death's Mistress,['Terry Goodkind'],2017,512.0
/works/OL20055880W,The Dragon with a Chocolate Heart,['Stephanie Burgis'],2017,261.0
/works/OL20211569W,Penance,['Kanae Minato'],2017,240.0
/works/OL19720189W,Every breath you take,"['Mary Higgins Clark', 'Alafair Burke']",2017,400.0
/works/OL20054306W,"April Fools', Mr. Todd!",['Megan McDonald'],2017,62.0
/works/OL19724208W,The kites,['Romain Gary'],2017,320.0
/works/OL20084244W,Zach King,['Zach King'],2017,208.0
/works/OL19717763W,I am Alfonso Jones,['Tony Medina'],2017,176.0
/works/OL19090917W,Wyoming Winter: An Anthology (Wyoming Men),['Diana Palmer'],2017,384.0
/works/OL21932197W,O Russet Witch! Illustrated,['F. Scott Fitzgerald'],2017,52.0
/works/OL19742677W,La tresse,['Laetitia Colombani'],2017,221.0
/works/OL17868361W,Gravel Heart,['Abdulrazak Gurnah'],2017,272.0
/works/OL21152197W,Pearl Sister,['Lucinda Riley'],2017,528.0
/works/OL19716705W,The stolen marriage,['Diane Chamberlain'],2017,416.0
/works/OL20693174W,The 78-Storey Treehouse,"['Andy Griffiths', 'Terry Denton']",2017,386.0
/works/OL21609282W,One Night : Red-Hot Secrets,"['Penny Jordan', 'Chantelle Shaw', 'Anne Marsh']",2017,184.0
/works/OL19716691W,The last Mrs. Parrish,['Liv Constantine'],2017,400.0
/works/OL20046502W,The Cutthroat,"['Clive Cussler', 'Justin Scott']",2017,448.0
/works/OL17860070W,Molly's Story,['W. Bruce Cameron'],2017,208.0
/works/OL19626968W,A Torch Against the Night (An Ember in the Ashes),['Sabaa Tahir'],2017,480.0
/works/OL21611821W,Baby Bombshell,"['Rebecca Winters', 'Marie Ferrarella', 'Caroline Anderson']",2017,185.0
/works/OL22677949W,Tamas,['Bhishm Sahni'],2017,310.0
/works/OL20054932W,Salt houses,['Hala Alyan'],2017,312.0
/works/OL22537267W,Ghachar Ghochar,['Vivek Shanbhag'],2017,131.0
/works/OL19551559W,The Girl Who Takes an Eye for an Eye,['David Lagercrantz'],2017,448.0
/works/OL19519421W,Binti: Home,['Nnedi Okorafor'],2017,185.0
/works/OL20052702W,The tea girl of Hummingbird Lane,['Lisa See'],2017,400.0
/works/OL19353457W,The Golden House,['Salman Rushdie'],2017,382.0
/works/OL20044718W,The warden's daughter,['Jerry Spinelli'],2017,352.0
/works/OL19726988W,The Girlfriend,['Michelle Frances'],2017,455.0
/works/OL19712714W,Seeing Red,['Sandra Brown'],2017,432.0
/works/OL21342514W,Il segreto della Foresta Nera,['Elisabetta Dami'],2017,176.0
/works/OL20045202W,Life in a fishbowl,['Len Vlahos'],2017,332.0
/works/OL19667396W,Mr. Lemoncello's great library race,['Chris Grabenstein'],2017,288.0
/works/OL19360404W,Empire Games,['Charles Stross'],2017,336.0
/works/OL19717348W,The explorer,['Katherine Rundell'],2017,336.0
/works/OL21607109W,Passionate Pregnancies,['Maya Banks'],2017,576.0
/works/OL20829124W,Clover Moon,['Jacqueline Wilson'],2017,385.0
/works/OL20386256W,The Bone Witch,['Rin Chupeco'],2017,225.0
/works/OL19753057W,Every last lie,['Mary Kubica'],2017,384.0
/works/OL19720526W,Burn for you,['J. T. Geissinger'],2017,335.0
/works/OL21614721W,Sweetpea,['C. J. Skuse'],2017,400.0
/works/OL21147325W,Bodyguard,['Chris Bradford'],2017,336.0
/works/OL21301901W,Tell Me What You Want,"['Megan Maxwell', 'Achy Obejas']",2017,412.0
/works/OL19096402W,The Silent Patient,['Alex Michaelides'],2018,352.0
/works/OL17850410W,The Cruel Prince,['Holly Black'],2018,370.0
/works/OL20068530W,Verity,['Colleen Hoover'],2018,343.0
/works/OL18766691W,Where the Crawdads Sing,['Delia Owens'],2018,416.0
/works/OL19747970W,All your perfects,['Colleen Hoover'],2018,320.0
/works/OL19737574W,Restore me,['Tahereh Mafi'],2018,442.0
/works/OL18012166W,Circe,['Madeline Miller'],2018,404.0
/works/OL20150260W,Normal People,['Sally Rooney'],2018,304.0
/works/OL17889978W,My Year of Rest and Relaxation,['Ottessa Moshfegh'],2018,289.0
/works/OL19351054W,The Poppy War,['R. F. Kuang'],2018,522.0
/works/OL19655889W,A Court of Frost and Starlight,['Sarah J. Maas'],2018,259.0
/works/OL17868260W,The Burning Maze,['Rick Riordan'],2018,448.0
/works/OL17929039W,The Seven Deaths of Evelyn Hardcastle,['Stuart Turton'],2018,480.0
/works/OL18199566W,Five Feet Apart,['Rachael Lippincott'],2018,288.0
/works/OL18191919W,Skyward,['Brandon Sanderson'],2018,528.0
/works/OL19661009W,The Tattooist of Auschwitz: the heart-breaking and unforgettable international bestseller,"['Heather Morris', 'Heather Morris', 'Morris, Heather teacher.', 'Morris Heather', 'Sarah Fields']",2018,304.0
/works/OL19761909W,"My sister, the serial killer",['Oyinkan Braithwaite'],2018,238.0
/works/OL19800273W,Tiamat's Wrath,['James S. A. Corey'],2018,539.0
/works/OL19074847W,The Overstory,"['Richard Powers', 'Richard Powers']",2018,531.0
/works/OL19748577W,Legendary,['Stephanie Garber'],2018,451.0
/works/OL17852712W,Thunderhead,['Neal Shusterman'],2018,560.0
/works/OL20764592W,The Girl in Room 105,['Chetan Bhagat'],2018,336.0
/works/OL20354498W,"Heartstopper, Volume 1",['Alice Oseman'],2018,288.0
/works/OL19743864W,Front Desk,['Kelly Yang'],2018,352.0
/works/OL25197303W,Love and Other Words,['Christina Lauren'],2018,304.0
/works/OL17933495W,Record of a Spaceborn Few,['Becky Chambers'],2018,359.0
/works/OL21362955W,Lost Continent,['Tui T. Sutherland'],2018,336.0
/works/OL19753589W,Rogue Protocol,['Martha Wells'],2018,158.0
/works/OL19345264W,Head On,['John Scalzi'],2018,336.0
/works/OL20157203W,Finale,['Stephanie Garber'],2018,480.0
/works/OL19744024W,Convenience store woman,"['村田沙耶香', 'Nancy Wu', 'Mathilde Tamae-Bouhon', 'Albert Nolla Cabellos', 'Marina Bornas Montaña']",2018,163.0
/works/OL18021898W,Elevation,['Stephen King'],2018,160.0
/works/OL19742314W,Monday's Not Coming,['Tiffany D. Jackson'],2018,435.0
/works/OL19748973W,Severance,['Ling Ma'],2018,304.0
/works/OL18130476W,Tales from a Not-So-Happy Birthday,['Rachel Renée Russell'],2018,300.0
/works/OL19744698W,The Kiss Quotient,['Helen Hoang'],2018,336.0
/works/OL19761911W,Nine perfect strangers,['Liane Moriarty'],2018,480.0
/works/OL19747311W,Artificial Condition,['Martha Wells'],2018,163.0
/works/OL18143930W,There There,"['Tommy Orange', 'Julia Osuna Aguilar']",2018,304.0
/works/OL19755592W,What If It's Us,"['Becky Albertalli', 'Adam Silvera']",2018,443.0
/works/OL19758278W,To Kill a Kingdom,['Alexandra Christo'],2018,336.0
/works/OL20152797W,The Hunting Party,['Lucy Foley'],2018,352.0
/works/OL19657298W,Star Wars - Thrawn - Alliances,['Timothy Zahn'],2018,416.0
/works/OL20641929W,The Hive Queen,['Tui T. Sutherland'],2018,286.0
/works/OL19754749W,Past tense,['Lee Child'],2018,410.0
/works/OL19737592W,Daughter of the Siren Queen,['Tricia Levenseller'],2018,364.0
/works/OL20157354W,The Priory of the Orange Tree,['Samantha Shannon'],2018,848.0
/works/OL19649395W,An Absolutely Remarkable Thing,['Hank Green'],2018,352.0
/works/OL18197199W,Dry,"['Neal Shusterman', 'Jarrod Shusterman']",2018,417.0
/works/OL19749581W,Not Even Bones,['Rebecca Schaeffer'],2018,384.0
/works/OL17937105W,The Outsider,['Stephen King'],2018,582.0
/works/OL18013978W,Truly Devious,['Maureen Johnson'],2018,432.0
/works/OL17932982W,9 From the Nine Worlds,['Rick Riordan'],2018,176.0
/works/OL19680664W,"The Fork, the Witch, and the Worm","['Christopher Paolini', 'Angela Paolini']",2018,288.0
/works/OL19751475W,Dance of thieves,"['Mary Pearson', 'Mary E. Pearson']",2018,518.0
/works/OL17875641W,Aru Shah And The End Of Time,['Roshani Chokshi'],2018,368.0
/works/OL19734273W,The Poet X,['Elizabeth Acevedo'],2018,361.0
/works/OL18020218W,An American Marriage,"['Tayari Jones', 'Sean Crisden', 'Eisa Davis', 'Karine Lalechère']",2018,320.0
/works/OL20596481W,Tom Gates,['Liz Pichon'],2018,256.0
/works/OL19765160W,Dear Evan Hansen,['Val Emmich'],2018,368.0
/works/OL17838448W,Still Me,['Jojo Moyes'],2018,483.0
/works/OL24350404W,地球星人,"['村田沙耶香', 'Mathilde Tamae-Bouhon', 'Ginny Tapley Takemori']",2018,256.0
/works/OL20822606W,Watching you,['Lisa Jewell'],2018,352.0
/works/OL21154491W,I Was Born for This,['Alice Oseman'],2018,400.0
/works/OL19742707W,The cabin at the end of the world,['Paul Tremblay'],2018,137.0
/works/OL19913987W,Ash Princess,['Laura Sebastian'],2018,448.0
/works/OL19763338W,Exit Strategy,['Martha Wells'],2018,182.0
/works/OL19754736W,騎士団長殺し,['村上春樹'],2018,704.0
/works/OL19634667W,Binti: The Night Masquerade,"['Nnedi Okorafor', 'Bel Olid']",2018,208.0
/works/OL20749104W,The City in the Middle of the Night,['Charlie Jane Anders'],2018,368.0
/works/OL18147688W,The Great Alone,['Kristin Hannah'],2018,537.0
/works/OL19738192W,Love and other words,['Christina Lauren'],2018,426.0
/works/OL19741544W,Space Opera,['Catherynne M. Valente'],2018,299.0
/works/OL17930238W,The Reckoning,['John Grisham'],2018,520.0
/works/OL18020313W,The Immortalists,['Chloe Benjamin'],2018,416.0
/works/OL20168471W,The Other Miss Bridgerton,['Julia Quinn'],2018,400.0
/works/OL19760806W,Small spaces,['Katherine Arden'],2018,224.0
/works/OL19726995W,Iron Gold,['Pierce Brown'],2018,672.0
/works/OL19753582W,The Fated Sky,['Mary Robinette Kowal'],2018,460.0
/works/OL19740451W,De avond is ongemak,['Marieke Lucas Rijneveld'],2018,287.0
/works/OL19739291W,Only Human,['Sylvain Neuvel'],2018,352.0
/works/OL19742724W,Jar of Hearts,['Jennifer Hillier'],2018,320.0
/works/OL24753705W,Sinner,['Sierra Simone'],2018,478.0
/works/OL19343569W,Freshwater,['Akwaeke Emezi'],2018,240.0
/works/OL19666136W,The night diary,['Veera Hiranandani'],2018,264.0
/works/OL19748938W,Foundryside,['Robert Jackson Bennett'],2018,503.0
/works/OL18543721W,Girls of Paper and Fire,['Natasha Ngan'],2018,393.0
/works/OL20163357W,Ayesha At Last,['Uzma Jalaluddin'],2018,360.0
/works/OL19761147W,The Electric State,['Simon Stålenhag'],2018,139.0
/works/OL19670473W,Sadie,['Courtney Summers'],2018,322.0
/works/OL19670214W,The wedding date,['Jasmine Guillory'],2018,352.0
/works/OL20384700W,Ghost Wall,['Sarah Moss'],2018,160.0
/works/OL19754741W,Look alive twenty-five,['Janet Evanovich'],2018,328.0
/works/OL19754740W,Long road to mercy,['David Baldacci'],2018,416.0
/works/OL21208962W,A Map of Days,['Ransom Riggs'],2018,496.0
/works/OL19763775W,Friday black,['Nana Kwame Adjei-Brenyah'],2018,208.0
/works/OL19742760W,Tell me lies,['Carola Lovering'],2018,379.0
/works/OL19761107W,Salvation,['Peter F. Hamilton'],2018,552.0
/works/OL19765094W,Vox,['Christina Dalcher'],2018,344.0
/works/OL19749569W,The cheerleaders,['Kara Thomas'],2018,384.0
/works/OL19751476W,Darius the Great is not okay,['Adib Khorram'],2018,320.0
/works/OL19738047W,Leah on the offbeat,"['Becky Albertalli', 'Shannon Purser']",2018,368.0
/works/OL19728189W,The dragonet prophecy [graphic novel],['Barry Deutsch'],2018,210.0
/works/OL18021949W,The Calculating Stars,['Mary Robinette Kowal'],2018,432.0
/works/OL20704678W,Tom Gates,['Liz Pichon'],2018,240.0
/works/OL19737595W,Dread Nation,['Justina Ireland'],2018,458.0
/works/OL20569445W,The Terminal List,['Jack Carr'],2018,464.0
/works/OL24287727W,Grey Sister,['Mark Lawrence'],2018,416.0
/works/OL19731287W,The prince and the dressmaker,['Jen Wang'],2018,276.0
/works/OL21338037W,Il segreto delle Fate delle Stelle,['Elisabetta Dami'],2018,320.0
/works/OL17929558W,Lethal White,"['Robert Galbraith', 'J. K. Rowling', 'Robert Glenister', 'Robert Galbraith']",2018,656.0
/works/OL19763109W,Blended,['Sharon M. Draper'],2018,314.0
/works/OL19763915W,Baby Teeth,['Zoje Stage'],2018,320.0
/works/OL19755108W,A Map of Days,['Ransom Riggs'],2018,482.0
/works/OL19359160W,The Freeze-Frame Revolution,['Peter Watts'],2018,192.0
/works/OL20937995W,Women Talking,['Miriam Toews'],2018,240.0
/works/OL19761913W,Of blood and bone,['Nora Roberts'],2018,512.0
/works/OL19654681W,Blood and Bone,['Erin Hunter'],2018,304.0
/works/OL19740011W,How Long 'Til Black Future Month,"['N. K. Jemisin', 'Michelle Charrier']",2018,408.0
/works/OL20148554W,Blood Communion,['Anne Rice'],2018,272.0
/works/OL18188640W,Kingdom of the Blind,['Louise Penny'],2018,402.0
/works/OL20078108W,River of Fire,['Erin Hunter'],2018,320.0
/works/OL19762562W,One day in December,['Josie Silver'],2018,416.0
/works/OL19751455W,#MurderTrending,['Gretchen McNeil'],2018,346.0
/works/OL19681321W,The Red Fox Clan,['John Flanagan'],2018,370.0
/works/OL19634660W,Wildcard,['Marie Lu'],2018,352.0
/works/OL19764075W,Once upon a river,['Diane Setterfield'],2018,465.0
/works/OL19749509W,Crowfeather's Trial,['Erin Hunter'],2018,464.0
/works/OL19662996W,Crush,['Svetlana Chmakova'],2018,234.0
/works/OL19747909W,Trail of lightning,['Rebecca Roanhorse'],2018,287.0
/works/OL25469674W,Tesori Perduti,['Elisabetta Dami'],2018,320.0
/works/OL19662713W,Spy school goes south,['Stuart Gibbs'],2018,352.0
/works/OL19751537W,That's Not What Happened,['Kody Keplinger'],2018,336.0
/works/OL19356870W,The 17th Suspect,"['James Patterson', 'Maxine Paetro']",2018,384.0
/works/OL19761168W,The proposal,['Jasmine Guillory'],2018,339.0
/works/OL19742745W,A place for us,['Fatima Farheen Mirza'],2018,400.0
/works/OL18147862W,Dog Man,['Dav Pilkey'],2018,224.0
/works/OL20598569W,The Fourth Closet,"['Scott Cawthon', 'Kira Breed-Wrisley']",2018,350.0
/works/OL19755255W,Grenade,['Alan Gratz'],2018,136.0
/works/OL19734271W,Not if I save you first,['Ally Carter'],2018,299.0
/works/OL17854075W,Speak. The Graphic Novel,['Laurie Halse Anderson'],2018,384.0
/works/OL19915057W,Sky in the Deep,['Adrienne Young'],2018,352.0
/works/OL20168392W,The Raging Storm,['Erin Hunter'],2018,352.0
/works/OL19669797W,Washington Black,['Esi Edugyan'],2018,400.0
/works/OL19761919W,Target,['James Patterson'],2018,432.0
/works/OL19762884W,Moon of the Crusted Snow,['Waubgeshig Rice'],2018,224.0
/works/OL19730225W,The masterpiece,['Francine Rivers'],2018,690.0
/works/OL19749469W,Something in the water,['Catherine Steadman'],2018,376.0
/works/OL18014838W,Destinos divididos  ,['Veronica Roth'],2018,469.0
/works/OL19749360W,The silence of the girls,['Pat Barker'],2018,315.0
/works/OL19145737W,Spinning Silver,['Naomi Novik'],2018,473.0
/works/OL20156881W,The Lost Man,['Jane Harper'],2018,376.0
/works/OL26411162W,Tales from the Gas Station,['Jack Townsend'],2018,327.0
/works/OL19720761W,Twice Magic,['Cressida Cowell'],2018,388.0
/works/OL19864100W,Wundersmith: The Calling of Morrigan Crow (Nevermoor),['Jessica Townsend'],2018,720.0
/works/OL27916409W,Game Changer,['Rachel Reid'],2018,356.0
/works/OL21629205W,Mortal Instruments,"['Cassandra Clare', 'Cassandra Jean']",2018,192.0
/works/OL20085413W,Dog Man,['Dav Pilkey'],2018,240.0
/works/OL19745593W,The book of M,['Peng Shepherd'],2018,485.0
/works/OL21201659W,Queen of Air and Darkness,['Cassandra Clare'],2018,896.0
/works/OL19761973W,Wrath of the Dragon King,['Brandon Mull'],2018,410.0
/works/OL27972198W,Ret Smadhi,['Geetanjali Shree'],2018,604.0
/works/OL19732028W,The Gone World,['Tom Sweterlitsch'],2018,394.0
/works/OL20468901W,This Lie Will Kill You,['Chelsea Pitcher'],2018,320.0
/works/OL19739260W,Bring Me Back,['B.A. Paris'],2018,304.0
/works/OL19650128W,The Last,['Katherine Applegate'],2018,400.0
/works/OL19760788W,The House with Chicken Legs,['Sophie Anderson'],2018,267.0
/works/OL19668644W,The Penderwicks at last,"['Jeanne Birdsall', 'Susan Denaker']",2018,304.0
/works/OL18190193W,Legion--The Many Lives of Stephen Leeds,['Brandon Sanderson'],2018,352.0
/works/OL20670981W,Calling Sehmat,['Harinder Sikka'],2018,256.0
/works/OL19765058W,Vita nostra,"['Марина Дяченко', 'Marina Dyachenko', 'Sergey Dyachenko']",2018,411.0
/works/OL20159204W,Killing Eve,['Luke Jennings'],2018,240.0
/works/OL19743687W,"Love, hate & other filters",['Samira Ahmed'],2018,295.0
/works/OL19656362W,Queen of air and darkness,['Cassandra Clare'],2018,880.0
/works/OL19754767W,War of the wolf,['Bernard Cornwell'],2018,352.0
/works/OL19763113W,Minecraft - The Crash,['Tracey Baptiste'],2018,288.0
/works/OL19342314W,The Exile's Journey,['Erin Hunter'],2018,320.0
/works/OL20812009W,At Night All Blood Is Black,"['David Diop', 'Anna Moschovakis']",2018,160.0
/works/OL19734209W,You will be mine,['Natasha Preston'],2018,292.0
/works/OL19336182W,City of Ghosts,['V.E. Schwab'],2018,304.0
/works/OL19662835W,"I survived the attack of the grizzlies, 1967","['Lauren Tarshis', 'Berat Pekmezci']",2018,152.0
/works/OL19659828W,"Tempests and Slaughter (The Numair Chronicles, Book One)",['Tamora Pierce'],2018,480.0
/works/OL19755561W,Bridge of Clay,['Markus Zusak'],2018,592.0
/works/OL19735748W,Code of Honor,['Erin Hunter'],2018,400.0
/works/OL19732599W,The fallen,['David Baldacci'],2018,464.0
/works/OL19734824W,Semiosis,['Sue Burke'],2018,333.0
/works/OL20638744W,La isla de los dragones del Reino de la Fantasía,"['Elisabetta Dami', 'David Nel·lo', 'Marianne Faurobert', 'Marianne Faurobert']",2018,320.0
/works/OL20915016W,Boy Swallows Universe,"['Trent Dalton', 'Dalton Trent']",2018,480.0
/works/OL22598698W,Sidney Sheldon's The Silent Widow,['Tilly Bagshawe'],2018,400.0
/works/OL17932975W,Brooklyn House Magician's Manual,['Rick Riordan'],2018,185.0
/works/OL24320148W,Black Girls Must Die Exhausted,['Jayne Allen'],2018,368.0
/works/OL19734257W,Emergency contact,['Mary H. K. Choi'],2018,400.0
/works/OL17930237W,Anger is a Gift,['Mark Oshiro'],2018,463.0
/works/OL18819693W,The Great Believers,['Rebecca Makkai'],2018,528.0
/works/OL19800251W,"Liar, liar","['James Patterson', 'Candice Fox']",2018,384.0
/works/OL19914219W,The Wicked Deep,['Shea Ernshaw'],2018,318.0
/works/OL17838444W,Invisible,['Eloy Moreno'],2018,304.0
/works/OL17888172W,Leverage in Death,['Nora Roberts'],2018,410.0
/works/OL19090266W,Dark in Death,['Nora Roberts'],2018,400.0
/works/OL19754723W,Dracul,"['Dacre Stoker', 'J. D. Barker']",2018,520.0
/works/OL19764418W,Paradise Rot,['Jenny Hval'],2018,148.0
/works/OL19753348W,Sold on a Monday,['Kristina McMorris'],2018,172.0
/works/OL19749366W,Time's convert,['Deborah Harkness'],2018,464.0
/works/OL19741389W,The pisces,['Melissa Broder'],2018,288.0
/works/OL19754925W,The simple wild,['K. A. Tucker'],2018,390.0
/works/OL19748516W,Amal unbound,['Aisha Saeed'],2018,240.0
/works/OL19749510W,The guardian of the realm,['Elisabetta Dami'],2018,318.0
/works/OL17917962W,hippie,['Paulo Coelho'],2018,304.0
/works/OL19719391W,Time Jumpers,['Brandon Mull'],2018,448.0
/works/OL19342059W,The Crooked Staircase,['Dean Koontz'],2018,576.0
/works/OL19739300W,A sin such as this,['Ellen Hopkins'],2018,384.0
/works/OL19751513W,People kill people,['Ellen Hopkins'],2018,448.0
/works/OL20935119W,The Saturday Night Ghost Club,['Craig Davidson'],2018,238.0
/works/OL21359416W,Dove mi trovo,['Jhumpa Lahiri'],2018,162.0
/works/OL19145813W,Flight or Fright,"['Stephen King', 'Bev Vincent', 'Arthur Conan Doyle', 'Richard Matheson', 'Ambrose Bierce', 'E. C. Tubb', 'Tom Bissell', 'Dan Simmons', 'Cody Goodfellow', 'John Varley', 'Joe Hill', 'David J. Schow', 'Ray Bradbury', 'Roald Dahl', 'Peter Berresford Ellis', 'James L. Dickey', 'E. Michael Lewis', 'James Dickey', 'Thomas Carlisle Bissell']",2018,344.0
/works/OL18148233W,The Lady's Guide to Petticoats and Piracy,['Mackenzi Lee'],2018,450.0
/works/OL19749870W,Making friends,['Kristen Gudsnuk'],2018,267.0
/works/OL19755585W,Sea witch,['Sarah Henning'],2018,368.0
/works/OL20158837W,Anatomy of a Scandal,['Sarah Vaughan'],2018,400.0
/works/OL19330477W,Cherry,['Nico Walker'],2018,336.0
/works/OL20656956W,Duel at Araluen,['John Flanagan'],2018,327.0
/works/OL19668234W,Rebound,['Kwame Alexander'],2018,415.0
/works/OL19667699W,Amulet,['Kazu Kibuishi'],2018,208.0
/works/OL20578269W,White Sand 2,"['Brandon Sanderson', 'Rik Hoskin', 'Julius M. Gopez']",2018,160.0
/works/OL19369769W,Legion--Lies of the Beholder,['Brandon Sanderson'],2018,142.0
/works/OL19740568W,Furyborn,['Claire Legrand'],2018,501.0
/works/OL17843750W,Mother Knows Best,['Serena Valentino'],2018,304.0
/works/OL19752534W,The Governess Game,['Tessa Dare'],2018,384.0
/works/OL19755110W,Odd one out,['Nic Stone'],2018,307.0
/works/OL19751046W,Revenant Gun,['Yoon Ha Lee'],2018,427.0
/works/OL19466591W,Isadora Moon Has a Birthday,['Harriet Muncaster'],2018,128.0
/works/OL19762779W,The Benefits of Being an Octopus,['Ann Braden'],2018,256.0
/works/OL19649156W,Neverworld Wake,['Marisha Pessl'],2018,336.0
/works/OL19734793W,The broken girls,['Simone St. James'],2018,448.0
/works/OL19736195W,Lawn boy,['Jonathan Evison'],2018,320.0
/works/OL19751497W,I am still alive,['Kate Alice Marshall'],2018,314.0
/works/OL19749369W,Vengeful,['V.E. Schwab'],2018,512.0
/works/OL19746467W,Tailspin,['Sandra Brown'],2018,432.0
/works/OL19732605W,The Hunger,['Alma Katsu'],2018,416.0
/works/OL20167200W,The Callback,['Maddie Ziegler'],2018,256.0
/works/OL20159798W,The Water Cure,['Sophie Mackintosh'],2018,288.0
/works/OL19739254W,Adjustment day,['Chuck Palahniuk'],2018,336.0
/works/OL19733909W,Big Nate - Silent But Deadly,['Lincoln Pierce'],2018,174.0
/works/OL19742706W,Brief cases,['Jim Butcher'],2018,443.0
/works/OL19541981W,Brother,['David Chariandy'],2018,192.0
/works/OL21159923W,Ranger's Apprentice the Royal Ranger 3,['John Flanagan'],2018,336.0
/works/OL19659032W,King of Ashes,['Raymond E. Feist'],2018,560.0
/works/OL19737563W,Starry eyes,['Jenn Bennett'],2018,425.0
/works/OL19728106W,Everless,['Sara Holland'],2018,364.0
/works/OL19726991W,Hellbent,['Gregg Andrew Hurwitz'],2018,416.0
/works/OL19732593W,The disappeared,['C. J. Box'],2018,403.0
/works/OL19658409W,La jeune fille et la nuit,['Guillaume Musso'],2018,320.0
/works/OL19748982W,Texas Ranger,"['James Patterson', 'Andrew Bourelle']",2018,353.0
/works/OL19667733W,The terrible two go wild,"['Mac Barnett', 'Jory John', 'Kevin Cornell']",2018,232.0
/works/OL19761907W,A ladder to the sky,['John Boyne'],2018,400.0
/works/OL19344016W,Milkman,['Anna Burns'],2018,408.0
/works/OL18144316W,The Mars Room,['Rachel Kushner'],2018,352.0
/works/OL19630288W,Dragons in a Bag,['Zetta Elliott'],2018,160.0
/works/OL19287872W,Beneath the Sugar Sky,['Seanan McGuire'],2018,188.0
/works/OL19359104W,"The Traitor's Game (The Traitor's Game, Book 1)",['Jennifer A. Nielsen'],2018,405.0
/works/OL19733073W,The science of breakable things,['Tae Keller'],2018,301.0
/works/OL19346717W,Stygian (The Dark-Hunter World),['Sherrilyn Kenyon'],2018,653.0
/works/OL20088108W,The Escape Room,['Megan Goldin'],2018,368.0
/works/OL19740570W,Girl Made of Stars,['Ashley Herring Blake'],2018,300.0
/works/OL19752407W,Escaping from Houdini,['Kerri Maniscalco'],2018,449.0
/works/OL19726993W,House of Secrets,['V. C. Andrews'],2018,395.0
/works/OL19359149W,The Forbidden Door,['Dean Koontz'],2018,480.0
/works/OL18184356W,Muse of Nightmares,['Laini Taylor'],2018,525.0
/works/OL19763073W,Where she fell,['Kaitlin Ward'],2018,297.0
/works/OL19761902W,Heads You Win,['Jeffrey Archer'],2018,464.0
/works/OL19744521W,To kill a kingdom,['Alexandra Christo'],2018,342.0
/works/OL19728970W,Carnegie's maid,['Marie Benedict'],2018,403.0
/works/OL19659622W,Catwoman,['Sarah J. Maas'],2018,384.0
/works/OL19732626W,Twisted prey,['John Sandford'],2018,400.0
/works/OL19740609W,Whisper,['Lynette Noni'],2018,320.0
/works/OL20561311W,The Death of Mrs Westaway,['Ruth Ware'],2018,400.0
/works/OL20098064W,The Disasters,['M. K. England'],2018,161.0
/works/OL19754915W,Josh and Hazel's guide to not dating,['Christina Lauren'],2018,315.0
/works/OL20544257W,Celestial Bodies,['Jokha Alharthi'],2018,256.0
/works/OL19746042W,My Oxford Year,['Julia Whelan'],2018,352.0
/works/OL20805383W,Milkman,['Anna Burns'],2018,368.0
/works/OL18021954W,Red Moon,"['Kim Stanley Robinson', 'Maxwell Hamilton', 'Joy Osmanski', 'Feodor Chin']",2018,446.0
/works/OL19671104W,The female persuasion,"['Meg Wolitzer', 'Laura Vidal Sanz']",2018,464.0
/works/OL20791733W,Nightbooks,['J. A. White'],2018,307.0
/works/OL20182375W,Words on Bathroom Walls,['Julia Walton'],2018,304.0
/works/OL19700693W,Vox,['Christina Dalcher'],2018,336.0
/works/OL19540295W,Early Riser,['Jasper Fforde'],2018,416.0
/works/OL17850733W,The Heart Forger,['Rin Chupeco'],2018,528.0
/works/OL19197254W,Nightwalker,['Marie Lu'],2018,288.0
/works/OL19671647W,When life gives you lululemons,"['Lauren Weisberger', 'Lauren Weisberger']",2018,352.0
/works/OL19739256W,All we ever wanted,['Emily Giffin'],2018,351.0
/works/OL20523230W,The Moon Sister,['Lucinda Riley'],2018,544.0
/works/OL20162968W,Nyxia Unleashed,['Scott Reintgen'],2018,400.0
/works/OL19751478W,The darkest legacy,['Alexandra Bracken'],2018,573.0
/works/OL19749368W,Unsheltered,['Barbara Kingsolver'],2018,488.0
/works/OL20586522W,The Man Who Didn't Call,['Rosie Walsh'],2018,352.0
/works/OL19667792W,The incendiaries,['R. O. Kwon'],2018,224.0
/works/OL19734199W,All out,['Saundra Mitchell'],2018,352.0
/works/OL18021641W,Imposters,['Scott Westerfeld'],2018,403.0
/works/OL20558736W,Ronaldo,['Ollie123456789101112131415161718192021222324252627282923031'],2018,176.0
/works/OL19665789W,Positively Izzy,['Terri Libenson'],2018,220.0
/works/OL19754293W,When Katie Met Cassidy,['Camille Perri'],2018,272.0
/works/OL19671308W,Transcription,"['Kate Atkinson', 'Fenella Woolgar']",2018,352.0
/works/OL19753913W,Weather or not,"['Sarah Mlynowski', 'Lauren Myracle', 'Emily Jenkins']",2018,192.0
/works/OL19752461W,"Sonic the Hedgehog, Vol. 1",['Ian Flynn'],2018,104.0
/works/OL20438019W,Be Prepared,['Vera Brosgol'],2018,256.0
/works/OL19795454W,The Sentence is Death,['Anthony Horowitz'],2018,384.0
/works/OL19734244W,After the shot drops,['Randy Ribay'],2018,336.0
/works/OL19740639W,Scourged,['Kevin Hearne'],2018,302.0
/works/OL17928064W,Gravity Falls,['Alex Hirsch'],2018,144.0
/works/OL19749328W,Dark Sentinel,['Christine Feehan'],2018,416.0
/works/OL21891820W,Theory of Flight,['Siphiwe Gloria Ndlovu'],2018,323.0
/works/OL21195069W,Warlight,['Michael Ondaatje'],2018,304.0
/works/OL25803688W,De ansatte,['Olga Ravn'],2018,136.0
/works/OL19762019W,The Hidden Witch,['Lee Knox Ostertag'],2018,208.0
/works/OL20639332W,The Truth as Told by Mason Buttle,['Leslie Connor'],2018,352.0
/works/OL19764661W,Little White Lies,['Jennifer Lynn Barnes'],2018,403.0
/works/OL19730924W,The shape of water,"['Guillermo del Toro', 'Daniel Kraus']",2018,318.0
/works/OL20152645W,The Accidental Further Adventures of the Hundred-Year-Old Man,"['Jonas Jonasson', 'Rachel Willson-Broyles']",2018,448.0
/works/OL20189871W,Revenge,"['James Patterson', 'Andrew Holmes']",2018,384.0
/works/OL20501224W,Minecraft. The Lost Journals!,['Mur Lafferty'],2018,328.0
/works/OL19730840W,The unicorn quest,['Kamilla Benko'],2018,321.0
/works/OL19760899W,Magic misfits,['Neil Patrick Harris'],2018,374.0
/works/OL19749349W,Lake Success,['Gary Shteyngart'],2018,352.0
/works/OL20840056W,Save the Cat! Writes a Novel,['Jessica Brody'],2018,320.0
/works/OL19664717W,Louisiana's way home,['Kate DiCamillo'],2018,227.0
/works/OL17872352W,La novia gitana,['Carmen Mola'],2018,408.0
/works/OL19763790W,The lies we told,['Camilla Way'],2018,377.0
/works/OL18821148W,Hello Stranger,['Lisa Kleypas'],2018,344.0
/works/OL19343857W,Goosebumps SlappyWorld - Please Do Not Feed the Weirdo,['Robert Lawrence Stine'],2018,158.0
/works/OL19733071W,Ivy Aberdeen’s Letter to the World,['Ashley Herring Blake'],2018,310.0
/works/OL20152868W,The Binding,['Bridget Collins'],2018,448.0
/works/OL21187363W,Carl Weber's Kingpins,['Treasure Hernandez'],2018,256.0
/works/OL19764017W,Zero sum game,['S. L. Huang'],2018,352.0
/works/OL19761558W,Two roads,['Joseph Bruchac'],2018,288.0
/works/OL17910674W,종의 기원,['정유정'],2018,313.0
/works/OL19747166W,Not so normal Norbert,"['James Patterson', 'Joey Green']",2018,360.0
/works/OL19665783W,"I survived the Children's Blizzard, 1888",['Lauren Tarshis'],2018,112.0
/works/OL20813994W,Nowhere Boy,['Katherine Marsh'],2018,365.0
/works/OL24320267W,Grand Hotel Europa,['Ilja Leonard Pfeijffer'],2018,554.0
/works/OL19754718W,The consuming fire,['John Scalzi'],2018,336.0
/works/OL19749336W,Foe,['Iain Reid'],2018,243.0
/works/OL21944449W,Bad Guys in Alien vs. Bad Guys,['Aaron Blabey'],2018,137.0
/works/OL20168678W,A Spoonful of Murder,['Robin Stevens'],2018,368.0
/works/OL19755546W,On a sunbeam,['Tillie Walden'],2018,544.0
/works/OL19662884W,Pride,['Ibi Aanu Zoboi'],2018,304.0
/works/OL19760895W,The Nebula secret,['Trudi Strain Trueit'],2018,208.0
/works/OL20827584W,Pandemic,['Robin Cook'],2018,472.0
/works/OL19751555W,Empire of silence,['Christopher Ruocchio'],2018,612.0
/works/OL19740636W,Embers of war,['Gareth L. Powell'],2018,206.0
/works/OL19740177W,Al Capone throws me a curve,['Gennifer Choldenko'],2018,240.0
/works/OL19729016W,The Widows of Malabar Hill,['Sujata Massey'],2018,385.0
/works/OL19664330W,Saving Winslow,['Sharon Creech'],2018,176.0
/works/OL19749643W,The Collector,['K. R. Alexander'],2018,221.0
/works/OL20794522W,Goosebumps SlappyWorld - The Ghost of Slappy,['Robert Lawrence Stine'],2018,147.0
/works/OL19670424W,Asymmetry,['Lisa Halliday'],2018,282.0
/works/OL19752048W,Resistance,['Jennifer A. Nielsen'],2018,201.0
/works/OL22159340W,Destinazione Malesia,['Elisabetta Dami'],2018,200.0
/works/OL19754733W,Holy Ghost,['John Sandford'],2018,432.0
/works/OL19791805W,Hurricane Child,['Kacen Callender'],2018,231.0
/works/OL20875296W,Pages & Co.,"['Anna James', 'Paola Escobar']",2018,304.0
/works/OL19761898W,Forever and a Day,['Anthony Horowitz'],2018,304.0
/works/OL19749640W,The button war,['Avi'],2018,235.0
/works/OL19732624W,The terminal list,"['Carr, Jack (Joint pseudonym)']",2018,408.0
/works/OL19665472W,Squirm,['Carl Hiaasen'],2018,304.0
/works/OL20152767W,Wild Rescuers,['StacyPlays'],2018,224.0
/works/OL19519408W,The Expert System's Brother,['Adrian Tchaikovsky'],2018,176.0
/works/OL19734206W,More than we can tell,['Brigid Kemmerer'],2018,421.0
/works/OL19665819W,The Vanderbeekers and the hidden garden,['Karina Yan Glaser'],2018,327.0
/works/OL19731637W,Let's talk about love,"['Claire Kann', 'Kann']",2018,304.0
/works/OL20583580W,Short Stories in English for Beginners,['Olly Richards'],2018,252.0
/works/OL19739293W,Our Kind of Cruelty,['Araminta Hall'],2018,368.0
/works/OL22540996W,Secret Key,['Lena Jones'],2018,336.0
/works/OL19748959W,The other woman,['Sandie Jones'],2018,306.0
/works/OL19649942W,The Astonishing Color of After,['Emily X.R. Pan'],2018,241.0
/works/OL18188701W,The Golden Tower,"['Holly Black', 'Cassandra Clare']",2018,239.0
/works/OL19751451W,Nightblood,['Elly Blake'],2018,444.0
/works/OL20193083W,Becoming Mrs. Lewis,['Patti Callahan'],2018,432.0
/works/OL19733673W,Hero at the Fall,['Alwyn Hamilton'],2018,466.0
/works/OL21155180W,"1,000-Year-Old Boy",['Ross Welford'],2018,400.0
/works/OL19752038W,Hocus Pocus & The All New Sequel,['A. W. Jantha'],2018,525.0
/works/OL20715835W,The Beast from Another Time,['John Flanagan'],2018,60.0
/works/OL19748768W,A reaper at the gates,['Sabaa Tahir'],2018,480.0
/works/OL21344198W,French Exit,['Patrick deWitt'],2018,256.0
/works/OL20913771W,The Psychology of Time Travel,['Kate Mascarenhas'],2018,320.0
/works/OL19764465W,Call of the wraith,['Kevin Sands'],2018,503.0
/works/OL19751045W,Open me,['Lisa Locascio'],2018,284.0
/works/OL19751511W,The orphan's wish,['Melanie Dickerson'],2018,352.0
/works/OL21183601W,Us Against You,['Fredrik Backman'],2018,448.0
/works/OL19653601W,Star Wars - Last Shot - A Han and Lando Novel,['Daniel José Older'],2018,417.0
/works/OL20523948W,The mortal instruments,"['Cassandra Clare', 'Cassandra Jean']",2018,216.0
/works/OL20705960W,One big happy family,['Annie Barrows'],2018,120.0
/works/OL18023447W,She Would Be King,"['Wayetu Moore', 'Wayétu Moore']",2018,312.0
/works/OL20088593W,Winterhouse,['Ben Guterson'],2018,400.0
/works/OL19365472W,The Perfect Girlfriend,['Karen Hamilton'],2018,368.0
/works/OL19740830W,Night shift,['Joanna Angel'],2018,304.0
/works/OL20104582W,The Quantum Magician,['Derek Kunsken'],2018,241.0
/works/OL19734803W,Girls burn brighter,['Shobha Rao'],2018,416.0
/works/OL19749372W,The winter soldier,['Daniel Mason'],2018,336.0
/works/OL19739292W,The Other Lady Vanishes,['Jayne Ann Krentz'],2018,352.0
/works/OL24390949W,Dharmayoddha Kalki,['Kevin Misal'],2018,464.0
/works/OL19742710W,Cottage by the sea,['Debbie Macomber'],2018,400.0
/works/OL19723126W,White chrysanthemum,['Mary Lynn Bracht'],2018,320.0
/works/OL19748974W,Shadow Tyrants,"['Clive Cussler', 'Boyd Morrison', 'Boyd Morrison']",2018,472.0
/works/OL19755103W,Damsel,['Elana K. Arnold'],2018,315.0
/works/OL19913992W,Obsidio,"['Amie Kaufman', 'Jay Kristoff']",2018,622.0
/works/OL19748408W,Florida,['Lauren Groff'],2018,288.0
/works/OL25393357W,Waste of Space,['Stuart Gibbs'],2018,352.0
/works/OL19752124W,The Black God's Drums,"['P. Djèlí Clark', 'Raúl García Campos', 'David G. Vaquero']",2018,124.0
/works/OL20186320W,Middle England,['Jonathan Coe'],2018,440.0
/works/OL19665179W,The Witch Elm,['Tana French'],2018,650.0
/works/OL19755245W,Big Nate goes bananas,['Lincoln Pierce'],2018,175.0
/works/OL19269244W,Shroud of Eternity,"['Terry Goodkind', 'Christina Traister']",2018,534.0
/works/OL19738900W,Ash Princess,['Laura Sebastian'],2018,437.0
/works/OL20148706W,Dead Men's Trousers,['Irvine Welsh'],2018,384.0
/works/OL18020265W,Star Wars Episode VIII - The Last Jedi,['Jason Fry'],2018,374.0
/works/OL21849738W,Girl in the Locked Room,['Mary Downing Hahn'],2018,200.0
/works/OL19666197W,Wundersmith,['Jessica Townsend'],2018,560.0
/works/OL19765044W,The armored saint,['Myke Cole'],2018,208.0
/works/OL19747163W,Escape From Shudder Mansion,['Robert Lawrence Stine'],2018,136.0
/works/OL32365577W,Canção para ninar menino grande,['Maria da Conceição Evaristo de Brito'],2018,125.0
/works/OL19622911W,Ogre Enchanted,['Gail Carson Levine'],2018,344.0
/works/OL20193170W,Marvel Studios,['Marvel'],2018,160.0
/works/OL19753063W,How to walk away,['Katherine Center'],2018,392.0
/works/OL21848179W,Killing Eve,['Luke Jennings'],2018,224.0
/works/OL19747109W,The anomaly,['Michael Rutger'],2018,400.0
/works/OL20189651W,Siege of Stone,"['Terry Goodkind', 'Christina Traister']",2018,560.0
/works/OL20159168W,Semiosis,['Sue Burke'],2018,336.0
/works/OL21715973W,Blood and Salt,['Kim Liggett'],2018,352.0
/works/OL19790421W,Blackfish City: A Novel,['Sam J. Miller'],2018,331.0
/works/OL18149682W,Everything Under,['Daisy Johnson'],2018,272.0
/works/OL20191840W,Who Is Vera Kelly?,['Rosalie Knecht'],2018,272.0
/works/OL20158733W,Scrublands,['Chris Hammer'],2018,435.0
/works/OL19741983W,Death by dumpling,['Vivien Chien'],2018,343.0
/works/OL19736184W,The family gathering,['Robyn Carr'],2018,352.0
/works/OL19734280W,Tyler Johnson was here,['Jay Coles'],2018,299.0
/works/OL21183605W,Eve of Man,"['Giovanna Fletcher', 'Tom Fletcher']",2018,416.0
/works/OL21201541W,Clock Dance,['Anne Tyler'],2018,324.0
/works/OL19734248W,The Astonishing Color of After,['Emily X. R. Pan'],2018,476.0
/works/OL19751990W,The serpent's secret,['Sayantani DasGupta'],2018,192.0
/works/OL20152647W,Love Sugar Magic,['Anna Meriano'],2018,312.0
/works/OL19740602W,Stay sweet,['Siobhan Vivian'],2018,368.0
/works/OL22541019W,Geronimo Stilton Heromice #11,['Elisabetta Dami'],2018,128.0
/works/OL20577844W,Marked,['Benedict Jacka'],2018,384.0
/works/OL20586367W,The Map of Salt and Stars,['Zeyn Joukhadar'],2018,368.0
/works/OL19730219W,High voltage,['Karen Marie Moning'],2018,471.0
/works/OL19761548W,The genius experiment,"['James Patterson', 'Chris Grabenstein']",2018,352.0
/works/OL19899520W,I Invited Her In,['Adele Parks'],2018,455.0
/works/OL19749511W,Judy Moody and the right royal tea party,['Megan McDonald'],2018,142.0
/works/OL20168630W,Friendship List #2,['Lisa Greenwald'],2018,368.0
/works/OL20746208W,Latitudes of Longing,['Shubhangi Swarup'],2018,326.0
/works/OL21137550W,George and the Ship of Time,"['Stephen Hawking', 'Lucy Hawking']",2018,416.0
/works/OL19761888W,Beauchamp Hall,['Danielle Steel'],2018,336.0
/works/OL19752380W,"Check, Please! Book 1",['Ngozi Ukazu'],2018,264.0
/works/OL19749367W,Timeless,['R. A. Salvatore'],2018,415.0
/works/OL20090688W,"Red, White & Royal Blue",['Casey McQuiston'],2019,440.0
/works/OL20646061W,A Good Girl's Guide to Murder,['Holly Jackson'],2019,431.0
/works/OL18543708W,The Wicked King,['Holly Black'],2019,332.0
/works/OL20485895W,The Queen of Nothing,['Holly Black'],2019,336.0
/works/OL20465177W,Wrecking Ball,['Jeff Kinney'],2019,220.0
/works/OL19922194W,Daisy Jones & The Six,['Taylor Jenkins Reid'],2019,400.0
/works/OL20883297W,Klara and the Sun,['Kazuo Ishiguro'],2019,334.0
/works/OL20145719W,Defy Me (Shatter Me),['Tahereh Mafi'],2019,376.0
/works/OL20650912W,House of Earth and Blood,['Sarah J. Maas'],2019,805.0
/works/OL19859295W,This is How You Lose the Time War,"['Amal El-Mohtar', 'Max Gladstone']",2019,208.0
/works/OL20073906W,Recursion,['Blake Crouch'],2019,352.0
/works/OL20907281W,Ready Player Two,['Ernest Cline'],2019,464.0
/works/OL20128158W,Gideon the Ninth,['Tamsyn Muir'],2019,440.0
/works/OL20126932W,The Institute,['Stephen King'],2019,624.0
/works/OL20354499W,"Heartstopper, Volume 2",['Alice Oseman'],2019,320.0
/works/OL20140593W,The Tyrant's Tomb,['Rick Riordan'],2019,448.0
/works/OL20656224W,The house in the Cerulean Sea,['T. J. Klune'],2019,416.0
/works/OL36090166W,Regretting You,['Colleen Hoover'],2019,387.0
/works/OL20129837W,The Testaments,['Margaret Atwood'],2019,475.0
/works/OL20416941W,The Starless Sea,['Erin Morgenstern'],2019,512.0
/works/OL20783698W,On Earth We're Briefly Gorgeous,['Ocean Vuong'],2019,256.0
/works/OL20861787W,To Sleep in a Sea of Stars,['Christopher Paolini'],2019,880.0
/works/OL20149092W,How to Make Friends with the Dark,['Kathleen Glasgow'],2019,432.0
/works/OL20157046W,A Memory Called Empire,['Arkady Martine'],2019,464.0
/works/OL20161633W,Bunny,['Mona Awad'],2019,320.0
/works/OL20197660W,Ninth House,['Leigh Bardugo'],2019,480.0
/works/OL20416046W,The Family Upstairs,['Lisa Jewell'],2019,464.0
/works/OL20670294W,"Kim Jiyoung, Born 1982",['Cho Nam-ju'],2019,176.0
/works/OL19700683W,Diary of an Awesome Friendly Kid: Rowley Jefferson's Journal,['Jeff Kinney'],2019,224.0
/works/OL20454252W,Find Me,['André Aciman'],2019,266.0
/works/OL19070821W,King of Scars,['Leigh Bardugo'],2019,528.0
/works/OL20832477W,Before the Coffee Gets Cold,['川口俊和'],2019,240.0
/works/OL19665944W,The Poison Jungle,['Tui T. Sutherland'],2019,336.0
/works/OL20151297W,Love from A to Z,['S. K. Ali'],2019,360.0
/works/OL20653806W,Legacy (Keeper of the Lost Cities #8),['Shannon Messenger'],2019,824.0
/works/OL20153201W,Two Can Keep a Secret,['Karen M. McManus'],2019,332.0
/works/OL20083482W,We Hunt the Flame,['Hafsah Faizal'],2019,480.0
/works/OL24217909W,Maybe Now,['Colleen Hoover'],2019,207.0
/works/OL20074045W,The Ten Thousand Doors of January,['Alix E. Harrow'],2019,384.0
/works/OL21370801W,A Touch of Darkness,['Scarlett St. Clair'],2019,379.0
/works/OL19075470W,Starsight,['Brandon Sanderson'],2019,480.0
/works/OL20651847W,The Toll,['Neal Shusterman'],2019,625.0
/works/OL20161805W,How It Feels to Float,['Helena Fox'],2019,384.0
/works/OL20756942W,The Only Good Indians,"['Stephen Graham Jones', 'Shaun Taylor-Corbett', 'Manuel de los Reyes', 'Rafael Martín Coronel']",2019,320.0
/works/OL20642211W,"To Be Taught, If Fortunate",['Becky Chambers'],2019,140.0
/works/OL20062266W,Lock Every Door,['Todd Ritter'],2019,384.0
/works/OL21234092W,Cruel King,['Rina Kent'],2019,360.0
/works/OL21234089W,Deviant King,['Rina Kent'],2019,362.0
/works/OL25434351W,Heated Rivalry,['Rachel Reid'],2019,375.0
/works/OL20639181W,American Dirt,['Jeanine Cummins'],2019,400.0
/works/OL20480768W,The Red Scrolls of Magic,"['Wesley Chu', 'Cassandra Clare']",2019,384.0
/works/OL20142351W,Wayward Son,['Rainbow Rowell'],2019,416.0
/works/OL20416084W,Supernova,['Marissa Meyer'],2019,557.0
/works/OL20512441W,The Kiss Thief,['L.J. Shen'],2019,321.0
/works/OL24210358W,Empire of the Vampire,['Jay Kristoff'],2019,896.0
/works/OL24141556W,Torto Arado,"['Itamar Vieira Junior', 'Itamar Vieira Júnior']",2019,280.0
/works/OL20072032W,The Nickel Boys,"['Colson Whitehead', 'JD Jackson']",2019,224.0
/works/OL20152693W,A Crystal of Time,['Soman Chainani'],2019,624.0
/works/OL20853227W,The Last Letter,['Rebecca Yarros'],2019,432.0
/works/OL19781737W,On The Come Up,['Angie Thomas'],2019,456.0
/works/OL20084926W,The Raven Tower,['Ann Leckie'],2019,432.0
/works/OL20148038W,Broken Throne,['Victoria Aveyard'],2019,476.0
/works/OL20759168W,Today Tonight Tomorrow,['Rachel Lynn Solomon'],2019,392.0
/works/OL20094468W,The Whisper Man,['Steve Mosby'],2019,400.0
/works/OL20908682W,The Bridge Kingdom,['Danielle L. Jensen'],2019,354.0
/works/OL20285172W,The Guardians,['John Grisham'],2019,384.0
/works/OL20140627W,The Dutch House,['Ann Patchett'],2019,352.0
/works/OL20161810W,Her Royal Highness,['Rachel Hawkins'],2019,296.0
/works/OL20198127W,The Giver of Stars,"['Jojo Moyes', 'Eva Carballeira Díaz;Jesús De La Torre Olid;', 'Jesús de la Torre', 'Eva Carballeira Díaz']",2019,480.0
/works/OL24153842W,All He'll Ever Be,['Willow Winters'],2019,739.0
/works/OL20437992W,The Rise of Kyoshi,"['F.C. Yee', 'Michael Dante DiMartino']",2019,448.0
/works/OL19629129W,The Dragon Republic,['R. F. Kuang'],2019,512.0
/works/OL20091317W,Wilder Girls,['Rory Power'],2019,363.0
/works/OL20152649W,New Kid,['Jerry Craft'],2019,256.0
/works/OL19921476W,"Fall; or, Dodge in Hell","['Neal Stephenson', 'Malcolm Hillgartner']",2019,896.0
/works/OL20084546W,The Turn of the Key,['Ruth Ware'],2019,352.0
/works/OL20312143W,The Things We Cannot Say,['Kelly Rimmer'],2019,392.0
/works/OL19756861W,City of Girls: A Novel,['Elizabeth Gilbert'],2019,496.0
/works/OL20664315W,The Flatshare,"[""Beth O'Leary""]",2019,344.0
/works/OL20146108W,Imiginary Friend,['Stephen Chbosky'],2019,720.0
/works/OL20077992W,Machines Like Me,['Ian McEwan'],2019,333.0
/works/OL22135532W,The Sword of Kaigen,['M. L. Wang'],2019,649.0
/works/OL20880831W,The Friend Zone,['Abby Jimenez'],2019,384.0
/works/OL20077655W,Star Wars - Master & Apprentice,['Claudia Gray'],2019,360.0
/works/OL19096400W,Where the Forest Meets the Stars,['Glendy Vanderah'],2019,327.0
/works/OL19923556W,Aurora Rising,"['Jay Kristoff', 'Amie Kaufman']",2019,477.0
/works/OL20079532W,Children of Ruin,['Adrian Tchaikovsky'],2019,584.0
/works/OL19794571W,The Kingdom of Copper: A Novel (The Daevabad Trilogy),['Shannon A. Chakraborty'],2019,640.0
/works/OL21354339W,The Handmaid's Tale [Graphic Novel],['Renee Nault'],2019,240.0
/works/OL21887597W,Three Keys,['Kelly Yang'],2019,304.0
/works/OL20062270W,Star Wars - Thrawn - Treason,"['Timothy Zahn', 'Albert Agut Iglesias']",2019,408.0
/works/OL20901051W,Nuestra parte de noche,['Mariana Enríquez'],2019,640.0
/works/OL20104759W,Beneath the Attic,['V. C. Andrews'],2019,392.0
/works/OL20159625W,"Black Leopard, Red Wolf",['Marlon James'],2019,640.0
/works/OL20831049W,Sorcery of Thorns,['Margaret Rogerson'],2019,464.0
/works/OL20884585W,The Stationery Shop,['Marjan Kamali'],2019,320.0
/works/OL20326606W,The Grace Year,['Kim Liggett'],2019,420.0
/works/OL39186022W,Squirrelflight's Hope,['Erin Hunter'],2019,464.0
/works/OL19867803W,Fing,['David Walliams'],2019,272.0
/works/OL20470196W,"Girl, Woman, Other",['Bernardine Evaristo'],2019,458.0
/works/OL24183293W,Iron Widow,['Xiran Jay Zhao'],2019,400.0
/works/OL20789931W,Maybe He Just Likes You,"['Barbara Dee', 'Emily Rankin']",2019,304.0
/works/OL20115515W,The World’s Worst Teachers,['David Walliams'],2019,312.0
/works/OL20140528W,Guts,['Raina Telgemeier'],2019,224.0
/works/OL20148523W,The Twisted Ones,['T. Kingfisher'],2019,393.0
/works/OL20125974W,The Water Dancer,['Ta-Nehisi Coates'],2019,416.0
/works/OL19800269W,The Bride Test,['Helen Hoang'],2019,328.0
/works/OL20651342W,Chain of Gold,['Cassandra Clare'],2019,584.0
/works/OL24554831W,The Maid,['Nita Prose'],2019,336.0
/works/OL20152974W,A Woman Is No Man,['Etaf Rum'],2019,352.0
/works/OL20797746W,Steel Princess,['Rina Kent'],2019,334.0
/works/OL20189492W,Cilka's Journal,['Heather Morris'],2019,384.0
/works/OL20114769W,House of Salt and Sorrows,['Erin A. Craig'],2019,416.0
/works/OL20448973W,The Light Brigade,"['Kameron Hurley', 'Anna Llisterri', 'Natalia Cervera']",2019,360.0
/works/OL20150279W,My Lovely Wife,['Samantha Downing'],2019,384.0
/works/OL20155371W,A Curse So Dark and Lonely,['Brigid Kemmerer'],2019,496.0
/works/OL22297473W,The Boy From the Woods,['Harlan Coben'],2019,408.0
/works/OL22518674W,Devious Lies,['Parker S. Huntington'],2019,700.0
/works/OL19623122W,The Vanishing Stair (Truly Devious Book 2),['Maureen Johnson'],2019,388.0
/works/OL20642154W,The Girl with the Louding Voice,['Abi Daré'],2019,384.0
/works/OL20161423W,The Bridge Home,['Padma Venkatraman'],2019,208.0
/works/OL20151290W,Spy School British Invasion,['Stuart Gibbs'],2019,320.0
/works/OL20143970W,The 19th Christmas,"['James Patterson', 'Maxine Paetro']",2019,400.0
/works/OL20097592W,Holy Sister,['Mark Lawrence'],2019,348.0
/works/OL20152807W,Opposite of Always,['Justin A. Reynolds'],2019,464.0
/works/OL20161427W,Lady Smoke,['Laura Sebastian'],2019,512.0
/works/OL20789805W,The Empire of Gold,['Shannon A. Chakraborty'],2019,784.0
/works/OL20509698W,The Silent Thaw,['Erin Hunter'],2019,342.0
/works/OL20153327W,Queenie,['Candice Carty-Williams'],2019,392.0
/works/OL19569315W,The Gilded Wolves,"['Roshani Chokshi', 'Xavier Beltrán']",2019,423.0
/works/OL20657486W,Everything is F*cked,"['Mark Manson', 'Carlos Ramos Malavé']",2019,288.0
/works/OL20152444W,"I Survived the Battle of D-Day, 1944",['Lauren Tarshis'],2019,144.0
/works/OL20742668W,10 Minutes 38 Seconds in This Strange World,['Elif Şafak'],2019,320.0
/works/OL19959998W,The Secret Commonwealth,['Philip Pullman'],2019,656.0
/works/OL20162129W,The Perfect Child,['Lucinda Berry'],2019,370.0
/works/OL20112566W,Hon som måste dö,['David Lagercrantz'],2019,448.0
/works/OL20062269W,One Good Deed,['David Baldacci'],2019,448.0
/works/OL19799323W,Largo pétalo de mar,['Isabel Allende'],2019,384.0
/works/OL20148521W,The Fountains of Silence,['Ruta Sepetys'],2019,512.0
/works/OL20150134W,Pet,"['Akwaeke Emezi', 'Carla Bataller Estruch']",2019,208.0
/works/OL19865289W,An Anonymous Girl,"['Greer Hendricks', 'Sarah Pekkanen']",2019,375.0
/works/OL19860497W,A Noite do Tigre,['Yangsze Choo'],2019,384.0
/works/OL24633401W,The Awakening,"['Caroline Peckham', 'Susanne Valenti']",2019,484.0
/works/OL20411800W,The Deep,"['Rivers Solomon', 'Daveed Diggs', 'William Hutson', 'Jonathan Snipes']",2019,177.0
/works/OL20156712W,The Remarkable Journey of Coyote Sunrise,['Dan Gemeinhart'],2019,352.0
/works/OL20644618W,The Fowl twins,['Eoin Colfer'],2019,432.0
/works/OL20493672W,Criss Cross,['James Patterson'],2019,400.0
/works/OL20644388W,The gravity of us,['Phil Stamper'],2019,352.0
/works/OL20112278W,Pan's Labyrinth,"['Guillermo del Toro', 'Cornelia Funke']",2019,304.0
/works/OL20919204W,Crier's War,['Nina Varela'],2019,225.0
/works/OL20141432W,The Future of Another Timeline,['Annalee Newitz'],2019,350.0
/works/OL20119666W,Nothing Ventured,['Jeffrey Archer'],2019,384.0
/works/OL20152730W,We Set the Dark on Fire,['Tehlor Kay Mejia'],2019,384.0
/works/OL20513413W,Serpent and Dove,['Shelby Mahurin'],2019,524.0
/works/OL20481192W,A Minute to Midnight,['David Baldacci'],2019,464.0
/works/OL20084575W,Aru Shah and the Song of Death,['Roshani Chokshi'],2019,400.0
/works/OL20119337W,Vendetta in Death,"['Nora Roberts', 'Susan Ericksen']",2019,416.0
/works/OL20659782W,The beast of buckingham palace,['David Walliams'],2019,464.0
/works/OL20082448W,Patron Saints of Nothing,['Randy Ribay'],2019,323.0
/works/OL20914988W,All Systems Red / Artificial Condition / Rogue Protocol / Exit Strategy,['Martha Wells'],2019,576.0
/works/OL20807919W,Canto jo i la muntanya balla,['Irene Solà'],2019,224.0
/works/OL24139481W,The Place of No Stars,['Erin Hunter'],2019,320.0
/works/OL20109386W,Scary Stories for Young Foxes,"['Christian McKay Heidicker', 'Junyi Wu']",2019,325.0
/works/OL20161417W,Song for a Whale,['Lynne Kelly'],2019,320.0
/works/OL20153019W,With the Fire on High,['Elizabeth Acevedo'],2019,400.0
/works/OL20935145W,Someone Who Will Love You in All Your Damaged Glory,['Raphael Bob-Waksberg'],2019,256.0
/works/OL20333448W,Boy-crazy Stacey,['Gale Galligan'],2019,176.0
/works/OL20134721W,Red at the Bone,['Jacqueline Woodson'],2019,208.0
/works/OL20140223W,The Final Battle,['Erin Hunter'],2019,336.0
/works/OL20831270W,Cinderella Is Dead,['Kalynn Bayron'],2019,395.0
/works/OL20068616W,Teen Titans,['Kami Garcia'],2019,208.0
/works/OL19912651W,Other Words for Home,['Jasmine Warga'],2019,350.0
/works/OL20073919W,Wanderers,['Chuck Wendig'],2019,800.0
/works/OL19755924W,Under Currents,['Nora Roberts'],2019,456.0
/works/OL20200892W,White bird,['R. J. Palacio'],2019,224.0
/works/OL20104745W,Someone We Know,['Shari Lapeña'],2019,320.0
/works/OL20161827W,The Night Window,"['Dean Koontz', 'Elisabeth Rodgers']",2019,432.0
/works/OL19630472W,Stranger Things: Suspicious Minds: The first official Stranger Things novel,['Gwenda Bond'],2019,328.0
/works/OL20521090W,"Again, but Better",['Christine Riccio'],2019,384.0
/works/OL20150940W,Blood Orange,['Harriet Tyce'],2019,362.0
/works/OL19795390W,Sorcery of Thorns,['Margaret Rogerson'],2019,464.0
/works/OL20651925W,Only mostly devastated,['Sophie Gonzales'],2019,296.0
/works/OL20162204W,Pretend She's Here,['Luanne Rice'],2019,352.0
/works/OL20603424W,Call It What You Want,['Brigid Kemmerer'],2019,384.0
/works/OL20152979W,Path of a Warrior,['Erin Hunter'],2019,336.0
/works/OL20453755W,Twisted Twenty-Six,['Janet Evanovich'],2019,320.0
/works/OL20639693W,Such a Fun Age,['Kiley Reid'],2019,320.0
/works/OL20496463W,The Rise of Magicks,['Nora Roberts'],2019,464.0
/works/OL20151084W,Run Away,['Harlan Coben'],2019,392.0
/works/OL20121030W,Quichotte,['Salman Rushdie'],2019,416.0
/works/OL20152882W,Bummer in the Summer!,['Dan Gutman'],2019,144.0
/works/OL20802863W,Fireborne,['Rosaria Munda'],2019,464.0
/works/OL20064663W,The First,['Katherine Applegate'],2019,400.0
/works/OL20506592W,The Taking of Annie Thorne,['C. J. Tudor'],2019,352.0
/works/OL24592776W,Ace of Spades,"['Faridah Àbíké-Íyímídé', 'Aitana Vega']",2019,432.0
/works/OL20109372W,Genesis Begins Again,['Alicia D. Williams'],2019,374.0
/works/OL21887634W,Lo specchio segreto delle fate,['Elisabetta Dami'],2019,320.0
/works/OL20150501W,Stepsister,['Jennifer Donnelly'],2019,360.0
/works/OL19651029W,Haunting of Tram Car 015,"['P. Djèlí Clark', 'Pilar Caballero', 'Rebeca Cardeñoso', 'Cristina Jurado', 'Almudena Martínez', 'Sofía Sanz']",2019,73.0
/works/OL20157143W,I Know Who You Are,['Alice Feeney'],2019,352.0
/works/OL20531662W,Connections in Death,['Nora Roberts'],2019,448.0
/works/OL20521129W,Pie in the Sky,['Remy Lai'],2019,380.0
/works/OL19671869W,Redemption,['David Baldacci'],2019,496.0
/works/OL20112289W,Vow of Thieves,['Mary E. Pearson'],2019,496.0
/works/OL20125044W,The Wallflower Wager,['Tessa Dare'],2019,129.0
/works/OL19865296W,The Island of Sea Women,['Lisa See'],2019,384.0
/works/OL20521134W,The Ruin of Kings,['Jenn Lyons'],2019,569.0
/works/OL20083449W,Hollow Kingdom,['Kira Jane Buxton'],2019,320.0
/works/OL20660855W,Rowley Jefferson's Awesome Friendly Adventure,['Jeff Kinney'],2019,224.0
/works/OL20152648W,The Unteachables,['Gordon Korman'],2019,288.0
/works/OL20254359W,Olive Again,['Elizabeth Strout'],2019,304.0
/works/OL20074937W,Evvie Drake Starts Over,['Linda Holmes'],2019,304.0
/works/OL20161657W,Rumple Buttercup,['Matthew Gray Gubler'],2019,136.0
/works/OL20152655W,The Night Agent,['Matthew Quirk'],2019,432.0
/works/OL20097498W,Fleishman is in Trouble,"['Taffy Brodesser-Akner', 'Diniz Galhos']",2019,384.0
/works/OL20611501W,The Wives,"['Tarryn Fisher', 'Lauren Fortgang']",2019,336.0
/works/OL20155012W,Bloom,"['Kevin Panetta', 'Savanna Ganucheau']",2019,368.0
/works/OL20150371W,Stranger Things,['Jody Houser'],2019,96.0
/works/OL20150820W,Dragon Pearl,['Yoon Ha Lee'],2019,320.0
/works/OL20161488W,Four Dead Queens,['Astrid Scholte'],2019,432.0
/works/OL20082449W,Wicked Fox,['Kat Cho'],2019,447.0
/works/OL20140559W,Shatter City,['Scott Westerfeld'],2019,416.0
/works/OL20264020W,More to the Story,['Hena Khan'],2019,280.0
/works/OL19914053W,Laura Dean Keeps Breaking Up with Me,['Mariko Tamaki'],2019,304.0
/works/OL20884629W,La vita bugiarda degli adulti,['Elena Ferrante'],2019,368.0
/works/OL20162198W,The Music of What Happens,['Bill Konigsberg'],2019,352.0
/works/OL20152750W,The Huntress,['Kate Quinn'],2019,560.0
/works/OL20119639W,The Chestnut Man,"['Soren Sveistrup', 'Caroline Waight']",2019,528.0
/works/OL20335379W,Words on fire,['Jennifer A. Nielsen'],2019,336.0
/works/OL20583124W,Ali Cross,['James Patterson'],2019,400.0
/works/OL20667327W,Parable of the Sower & Parable of the Talents,"['Octavia E. Butler', 'TK', 'Gloria Steinham', 'Toshi Reagon']",2019,752.0
/works/OL20521273W,The Wall,['John Lanchester'],2019,288.0
/works/OL21693958W,The Burning Girls,['C. J. Tudor'],2019,352.0
/works/OL20140604W,Slay,['Brittney Morris'],2019,344.0
/works/OL20845044W,Delta-V,['Daniel Suarez'],2019,502.0
/works/OL20865760W,The Field Guide to the North American Teenager,['Ben Philippe'],2019,378.0
/works/OL20454121W,The Lost Causes of Bleak Creek,"['Rhett McLaughlin', 'Link Neal']",2019,352.0
/works/OL20153553W,Neon Prey,['John Sandford'],2019,400.0
/works/OL37933938W,Wicked King,['Holly Black'],2019,336.0
/works/OL20150704W,The Weight of Our Sky,['Hanna Alkaf'],2019,288.0
/works/OL21164211W,American Royals,['Katharine McGee'],2019,448.0
/works/OL20454367W,Tristan Strong Punches a Hole in the Sky,"['Kwame Mbalia', 'Amir Abdullah']",2019,496.0
/works/OL20159299W,Waste Tide,['陈楸帆'],2019,352.0
/works/OL20917658W,Empire of Wild,['Cherie Dimaline'],2019,320.0
/works/OL20521052W,The Girl He Used to Know,['Tracey Garvis Graves'],2019,304.0
/works/OL20660050W,The Only Black Girls in Town,['Brandy Colbert'],2019,362.0
/works/OL20847868W,The Redemption of Time,['Baoshu'],2019,352.0
/works/OL20140570W,Frankly in love,['David Yoon'],2019,427.0
/works/OL19914108W,A Wolf Called Wander,['Rosanne Parry'],2019,242.0
/works/OL20453987W,Look Both Ways,['Jason Reynolds'],2019,224.0
/works/OL20147221W,Dreams Come to Life,['Adrienne Kress'],2019,232.0
/works/OL20062241W,The Most Fun We Ever Had,['Claire Lombardo'],2019,544.0
/works/OL20751273W,Beekeeper of Aleppo,['Christy Lefteri'],2019,384.0
/works/OL21195114W,Radicalized,['Cory Doctorow'],2019,208.0
/works/OL24136457W,Blackout,"['Dhonielle Clayton', 'Tiffany D. Jackson', 'Nic Stone', 'Angie Thomas', 'Ashley Woodfolk', 'Nicola Yoon']",2019,256.0
/works/OL20085010W,A Boy and his Dog at the End of the World,['C. A. Fletcher'],2019,384.0
/works/OL20805879W,The Black Flamingo,['Dean Atta'],2019,416.0
/works/OL20152131W,Infinite Detail,['Tim Maughan'],2019,384.0
/works/OL19085042W,The New Me,['Halle Butler'],2019,208.0
/works/OL20253296W,The Topeka School,['Ben Lerner'],2019,304.0
/works/OL20068568W,Hot Dog Girl,['Jennifer Dugan'],2019,320.0
/works/OL20667157W,The Hive,"['Orson Scott Card', 'Aaron Johnston']",2019,400.0
/works/OL19649739W,Binti: The Complete Trilogy,['Nnedi Okorafor'],2019,368.0
/works/OL20156642W,Good Enough,['Jen Petro-Roy'],2019,272.0
/works/OL20152901W,Shifting Shadows,['Erin Hunter'],2019,344.0
/works/OL28769111W,Quando deixamos de entender o mundo,"['Benjamín Labatut', 'Adrian Nathan West']",2019,191.0
/works/OL20845701W,Lanny,['Max Porter'],2019,224.0
/works/OL20153600W,Disappearing Earth,['Julia Phillips'],2019,336.0
/works/OL20656216W,Can You See Me?,"['Libby Scott', 'Rebecca Westcott']",2019,368.0
/works/OL20150631W,Best Babysitters Ever,['Caroline Cala'],2019,272.0
/works/OL20642245W,Race to the Sun,['Rebecca Roanhorse'],2019,277.0
/works/OL20422812W,"Get a Life, Chloe Brown","['Talia Hibbert', 'Adjoa Andoh']",2019,377.0
/works/OL20410754W,10 Blind Dates,"['Ashley Elston', 'M. Dolors Ventós Navés', 'Victoria Simó Perales']",2019,320.0
/works/OL20670578W,The Chain,['Adrian McKinty'],2019,384.0
/works/OL19912350W,Carry on,['Rainbow Rowell'],2019,528.0
/works/OL20639960W,The Other People,['C. J. Tudor'],2019,368.0
/works/OL20907221W,Raavan,['Amish Tripathi'],2019,400.0
/works/OL19919645W,A Place to Belong,['Cynthia Kadohata'],2019,424.0
/works/OL20261820W,A Dog's Promise,"['W. Bruce Cameron', 'Carol Isern']",2019,368.0
/works/OL20128916W,Boundless,['R. A. Salvatore'],2019,390.0
/works/OL19991702W,Devil's Daughter,['Lisa Kleypas'],2019,384.0
/works/OL20119852W,Loki,['Mackenzi Lee'],2019,412.0
/works/OL20742467W,The Switch,"[""Beth O'Leary""]",2019,336.0
/works/OL20150969W,Lion Down,['Stuart Gibbs'],2019,360.0
/works/OL18191892W,The Dreamers,['Karen Thompson Walker'],2019,320.0
/works/OL20438840W,Master of the Phantom Isle,['Brandon Mull'],2019,464.0
/works/OL19912663W,Shouting At the Rain,['Lynda Mullaly Hunt'],2019,288.0
/works/OL20481153W,Dominicana,['Angie Cruz'],2019,336.0
/works/OL20118357W,Frankissstein,['Jeanette Winterson'],2019,352.0
/works/OL19865299W,Lost Children Archive,['Valeria Luiselli'],2019,400.0
/works/OL20152738W,Before She Knew Him,['Peter Swanson'],2019,320.0
/works/OL20152946W,Like a Love Story,['Abdi Nazemian'],2019,432.0
/works/OL19666130W,The only woman in the room,['Marie Benedict'],2019,336.0
/works/OL20656940W,When you were everything,['Ashley Woodfolk'],2019,408.0
/works/OL28012472W,Once upon a Curfew,['Srishti Chaudhary'],2019,304.0
/works/OL20129824W,Trust Exercise,"['Susan Choi', 'Adina Verson', 'Jennifer Lim', 'Suehyla El-Attar']",2019,272.0
/works/OL20660368W,Wink,['Rob Harrell'],2019,317.0
/works/OL19822660W,The October Man,['Ben Aaronovitch'],2019,192.0
/works/OL20063593W,the Rosie Result,['Graeme Simsion'],2019,384.0
/works/OL20158256W,Celtic Empire,"['Clive Cussler', 'Dirk Cussler']",2019,464.0
/works/OL20922643W,A Thousand Ships,['Natalie Haynes'],2019,368.0
/works/OL20097557W,The Downstairs Girl,['Stacey Lee'],2019,384.0
/works/OL20726133W,Humankind,['Rutger Bregman'],2019,480.0
/works/OL20411988W,A tale of magic...,"['Chris Colfer', 'Christopher Colfer']",2019,448.0
/works/OL20261827W,Your House Will Pay,['Steph Cha'],2019,312.0
/works/OL20660047W,A Wish in the Dark,['Christina Soontornvat'],2019,384.0
/works/OL20670148W,The Last Astronaut,['David Wellington'],2019,384.0
/works/OL20851881W,The Library of Lost Things,['Laura Taylor Namey'],2019,320.0
/works/OL20129822W,The Last House Guest,['Megan Miranda'],2019,352.0
/works/OL20647077W,Blindside,"['James Patterson', 'James O. Born']",2019,384.0
/works/OL20159640W,Explorer Academy,['Trudi Strain Trueit'],2019,208.0
/works/OL20097570W,I'm Not Dying With You Tonight,['Gilly Segal'],2019,272.0
/works/OL20808188W,Something to talk about,['Meryl Wilsner'],2019,336.0
/works/OL20162221W,The Love and Lies of Rukhsana Ali,['Sabina Khan'],2019,336.0
/works/OL20333468W,Rebels with a Cause,"['James Patterson', 'Chris Grabenstein']",2019,320.0
/works/OL19840338W,Unsolved,"['James Patterson', 'David Ellis']",2019,468.0
/works/OL20456365W,The last Olympian,"['Robert Venditti', 'Orpheus Collar', 'Rick Riordan']",2019,128.0
/works/OL20152681W,99 Percent Mine,['Sally Thorne'],2019,368.0
/works/OL20151918W,The Revenge of Magic,['James Riley'],2019,416.0
/works/OL20159574W,We Contain Multitudes,['Sarah Henstra'],2019,384.0
/works/OL24356182W,Stay With Me,"['Nicole Fiorina', 'Oliver Masters']",2019,360.0
/works/OL21867623W,Forest of Enchantments,['Chitra Banerjee Divakaruni'],2019,372.0
/works/OL20516677W,The Stillwater Girls,['Minka Kent'],2019,256.0
/works/OL20218390W,Tunnel of Bones,['V.E. Schwab'],2019,288.0
/works/OL20157065W,Wicked Saints,['Emily A. Duncan'],2019,400.0
/works/OL24172568W,Realm Breaker,['Victoria Aveyard'],2019,576.0
/works/OL20335377W,超新星纪元,['刘慈欣'],2019,408.0
/works/OL21624926W,Storm Cursed,['Patricia Briggs'],2019,368.0
/works/OL20449910W,Jade War,['Fonda Lee'],2019,616.0
/works/OL22705884W,La hija única,['Guadalupe Nettel'],2019,220.0
/works/OL19912654W,up for air,['Laurie Morrison'],2019,304.0
/works/OL20505678W,Sword of Kings,"['Bernard Cornwell', 'Matt Bates']",2019,400.0
/works/OL20088585W,"Ask Again, Yes: A Novel",['Mary Beth Keane'],2019,400.0
/works/OL20387787W,Shadow Captain,['Alastair Reynolds'],2019,432.0
/works/OL20134828W,Night Boat To Tangier,['Kevin Barry'],2019,255.0
/works/OL20742980W,Hush Hush,"['James Patterson', 'Candice Fox']",2019,400.0
/works/OL20152958W,PopularMMOs Presents Enter the Mine,"['PopularMMOs', 'Patrick Julianelle', 'Jennifer Lynn', 'Jennifer Lynn']",2019,208.0
/works/OL20139803W,Gun Island,['Amitav Ghosh'],2019,320.0
/works/OL21212848W,Riverdale,"['Micol Ostow', 'Thomas Pitilli']",2019,268.0
/works/OL20454389W,The Andromeda Evolution,"['Daniel H. Wilson', 'Daniel H. Wilson', 'Daniel Wilson']",2019,448.0
/works/OL20162194W,Stolen Girl,['Marsha Forchuk Skrypuch'],2019,208.0
/works/OL20152597W,Her One Mistake,['Heidi Perks'],2019,320.0
/works/OL20456689W,"I Survived the Great Molasses Flood, 1919",['Lauren Tarshis'],2019,119.0
/works/OL20074997W,Gods of Jade and Shadow,['Silvia Moreno-Garcia'],2019,352.0
/works/OL20850617W,roll with it,['Jamie Sumner'],2019,272.0
/works/OL20139852W,The binding [large print],['Bridget Collins'],2019,456.0
/works/OL21122713W,How Hard Can Love Be?,['Holly Bourne'],2019,480.0
/works/OL20658577W,Only Ashes Remain,['Rebecca Schaeffer'],2019,448.0
/works/OL20649935W,The Kingdom of Back,"['Marie Lu', 'Lauren Ezzo']",2019,328.0
/works/OL20152695W,Return to Fear Street - Drop Dead Gorgeous,['Robert Lawrence Stine'],2019,336.0
/works/OL20161625W,The Other Americans,['Laila Lalami'],2019,320.0
/works/OL20161630W,Killing November,['Adriana Mather'],2019,416.0
/works/OL21356310W,Cupid's Match,['Lauren Palphreyman'],2019,384.0
/works/OL20781734W,Here and Now and Then,['Mike Chen'],2019,339.0
/works/OL20159448W,The Lost Girls of Paris,['Pam Jenoff'],2019,384.0
/works/OL20812914W,How Not to Die Alone,['Richard Roper'],2019,336.0
/works/OL20134730W,Elevator Pitch,['Linwood Barclay'],2019,464.0
/works/OL20073071W,The Inn,"['James Patterson', 'Candice Fox']",2019,384.0
/works/OL20152825W,The Luminous Dead,['Caitlin Starling'],2019,432.0
/works/OL20072057W,Conviction,['Denise Mina'],2019,384.0
/works/OL20074995W,Outfox,['Sandra Brown'],2019,448.0
/works/OL20153367W,To Night Owl From Dogfish,"['Holly Goldberg Sloan', 'Meg Wolitzer']",2019,304.0
/works/OL21162933W,The Mother-In-Law,['Sally Hepworth'],2019,352.0
/works/OL20438880W,Roll with It,['Jamie Sumner'],2019,250.0
/works/OL20148833W,Kiss Number 8,['Colleen AF Venable'],2019,320.0
/works/OL20120877W,Dark Illusion,['Christine Feehan'],2019,432.0
/works/OL20639273W,Pokko and the Drum,"['Matthew Forsythe', 'Anna Llisterri', 'Alexis Romay', 'Matthew Forsythe']",2019,56.0
/works/OL20483602W,Star Wars - Resistance Reborn,['Rebecca Roanhorse'],2019,360.0
/works/OL20131526W,Miracle Creek,['Angie Kim'],2019,368.0
/works/OL20150904W,Crown of Feathers,['Nicki Pau Preto'],2019,496.0
/works/OL19860904W,Finding Dorothy,['Elizabeth Letts'],2019,384.0
/works/OL20263666W,Dead Voices,['Katherine Arden'],2019,246.0
/works/OL20148565W,Cage of Souls,['Adrian Tchaikovsky'],2019,608.0
/works/OL20159220W,Once & Future,"['Cori McCarthy', 'Amy Rose Capetta']",2019,368.0
/works/OL20153631W,The Farm,['Joanne Ramos'],2019,336.0
/works/OL20162133W,What the Wind Knows,['Amy Harmon'],2019,416.0
/works/OL20648063W,Saint X,['Alexis Schaitkin'],2019,332.0
/works/OL20112505W,The Mystery of Black Hollow Lane,['Julia Nobel'],2019,313.0
/works/OL20523192W,Memories of the Future,['Siri Hustvedt'],2019,352.0
/works/OL20140630W,Rules For Vanishing,['Kate Alice Marshall'],2019,402.0
/works/OL20150123W,The Stars and the Blackness Between Them,['Junauda Petrus'],2019,314.0
/works/OL24319391W,Carmilla,"['Joseph Sheridan Lefanu', 'Carmen Maria Machado']",2019,144.0
/works/OL20639916W,Recipe for a Perfect Wife,['Karma Brown'],2019,329.0
/works/OL19919638W,Ghosts of the Shadow Market,"['Cassandra Clare', 'Sarah Rees Brennan']",2019,624.0
/works/OL20161330W,The Whispers,['Greg Howard'],2019,256.0
/works/OL20088449W,The Perfect Wife,['J. P. Delaney'],2019,430.0
/works/OL20115602W,"Meg, Jo, Beth and Amy","['Rey Terciero', 'Bre Indigo']",2019,244.0
/works/OL20158661W,Out of the Dark,['Gregg Andrew Hurwitz'],2019,480.0
/works/OL20096080W,The Warehouse,['Rob hart'],2019,358.0
/works/OL20640610W,The secret chapter,['Genevieve Cogman'],2019,352.0
/works/OL19872450W,Born to Rock,"['James Patterson', 'Christopher Tebbetts']",2019,320.0
/works/OL20909206W,The Need,['Helen Phillips'],2019,272.0
/works/OL19912637W,Planet Earth is Blue,['Nicole Panteleakos'],2019,240.0
/works/OL20872128W,ITALIAN DEMANDS HIS HEIRS,['Lynne Graham'],2019,224.0
/works/OL20651920W,When we were magic,['Sarah Gailey'],2019,352.0
/works/OL21896301W,Poeta chileno,['Alejandro Zambra'],2019,428.0
/works/OL19794391W,Broken Stars,['Ken Liu'],2019,480.0
/works/OL20884599W,The Extraordinaries,['T. J. Klune'],2019,400.0
/works/OL17055552W,Doctor Who,"['James Goss', 'Jonathan Morris', 'Julian Richards', 'Justin Richards', 'Matthew Sweet']",2019,372.0
/works/OL20152810W,Heroine,['Mindy McGinnis'],2019,440.0
/works/OL31898605W,Warri nor dey carry last,['Idede Oseyande'],2019,224.0
/works/OL20143953W,Momentous events in the life of a cactus,['Dusti Bowling'],2019,306.0
/works/OL20438700W,The World Ends in April,['Stacy McAnulty'],2019,368.0
/works/OL20152319W,Somewhere Only We Know,['Maurene Goo'],2019,336.0
/works/OL20854298W,One Summer in Paris,['Sarah Morgan'],2019,384.0
/works/OL20797718W,I Owe You One,['Sophie Kinsella'],2019,416.0
/works/OL20104766W,A Better Man,['Louise Penny'],2019,496.0
/works/OL20521280W,The Last Last-Day-of-Summer,['Lamar Giles'],2019,304.0
/works/OL24361676W,A Slow Fire Burning,['Paula Hawkins'],2019,440.0
/works/OL20160831W,Descendant of the Crane,['Joan He'],2019,416.0
/works/OL19914042W,Caterpillar Summer,['Gillian McDunn'],2019,308.0
/works/OL24540008W,Try the New Candy,['Aron Beauregard'],2019,231.0
/works/OL21199924W,Modern Faerie Tales,['Holly Black'],2019,808.0
/works/OL20094509W,The Last Widow,['Karin Slaughter'],2019,472.0
/works/OL20159186W,Internment,['Samira Ahmed'],2019,400.0
/works/OL20821755W,Stay and Fight,['Madeline ffitch'],2019,304.0
/works/OL20521436W,The Season,['Sarah MacLean'],2019,352.0
/works/OL21217095W,Tale of Witchcraft...,['Chris Colfer'],2019,448.0
/works/OL20160384W,The Far Field,['Madhuri Vijay'],2019,448.0
/works/OL20153430W,The River,['Peter Heller'],2019,272.0
/works/OL20120918W,Cold Storage,"['David Koepp', 'Rupert Friend', 'Bern Hoffman']",2019,320.0
/works/OL20080321W,Blood Truth (4) (Black Dagger Legacy),"['J. R. Ward', 'Jim Frangione']",2019,432.0
/works/OL20150132W,American Royals,['Katherine McGee'],2019,440.0
/works/OL20755234W,The Dilemma,['B.A. Paris'],2019,360.0
/works/OL20634473W,The Guinevere deception,['Kiersten White'],2019,352.0
/works/OL21333783W,Winterwood,['Shea Ernshaw'],2019,336.0
/works/OL20893395W,Cursed,"['Thomas Wheeler', 'Frank Miller']",2019,416.0
/works/OL20152694W,Dr. Snow Has Got to Go!,['Dan Gutman'],2019,112.0
/works/OL20153512W,Lost Roses,['Martha Hall Kelly'],2019,456.0
/works/OL20153311W,The Suspect,['Fiona Barton'],2019,416.0
/works/OL20482372W,All-American Muslim Girl,['Nadine Jolie Courtney'],2019,432.0
/works/OL24219032W,Avventura negli U.S.A.,['Elisabetta Dami'],2019,176.0
/works/OL21210713W,Yield,"['Tara June Winch', 'Tony Briggs']",2019,352.0
/works/OL21207983W,His Shock Marriage in Greece,['Jane Porter'],2019,192.0
/works/OL20261796W,Akin,['Emma Donoghue'],2019,352.0
/works/OL20417371W,The Last True Poets of the Sea,['Julia Drake'],2019,320.0
/works/OL20521291W,Diary of a Murderer,['Young-ha Kim'],2019,208.0
/works/OL20831241W,Blood Heir,['Amélie Wen Zhao'],2019,464.0
/works/OL20128015W,Bedlam,['Derek Landy'],2019,592.0
/works/OL20154069W,Song for the Unraveling of the World,['Brian Evenson'],2019,240.0
/works/OL19865381W,The Chef,"['James Patterson', 'Max DiLallo']",2019,400.0
/works/OL20152250W,The Fall of Crazy House,"['James Patterson', 'Gabrielle Charbonnet']",2019,376.0
/works/OL20159113W,Two Weeks,['Karen Kingsbury'],2019,384.0
/works/OL20062012W,The Beekeeper of Aleppo,['Christy Lefteri'],2019,348.0
/works/OL20634480W,Girls of storm and shadow,['Natasha Ngan'],2019,368.0
/works/OL20660040W,The Blackbird Girls,['Anne Blankman'],2019,352.0
/works/OL20745720W,Once upon an Eid,"['S. K. Ali', 'Aisha Saeed']",2019,272.0
/works/OL20156963W,Warrior of the Wild,['Tricia Levenseller'],2019,344.0
/works/OL24313927W,Blossom in Winter,['Melanie Martins'],2019,462.0
/works/OL20151135W,Sky Without Stars,"['Jessica Brody', 'Joanne Rendell']",2019,592.0
/works/OL20152222W,Katt vs. Dogg,"['James Patterson', 'Chris Grabenstein']",2019,336.0
/works/OL20146915W,Return of the Temujai,['John Flanagan'],2019,384.0
/works/OL20411980W,Deadly Little Scandals,['Jennifer Lynn Barnes'],2019,349.0
/works/OL20162209W,Focused,['Alyson Gerber'],2019,304.0
/works/OL19918156W,Toxic Game (GhostWalker),['Christine Feehan'],2019,416.0
/works/OL20261825W,Capturing the Devil,['Kerri Maniscalco'],2019,504.0
/works/OL20882191W,Butterfly Yellow,['Thanhha Lai'],2019,312.0
/works/OL20148914W,The Old Drift,['Namwali Serpell'],2019,576.0
/works/OL20334735W,The Deserter,"['Nelson DeMille', 'Alex DeMiller']",2019,544.0
/works/OL20151465W,Cari Mora,['Thomas Harris'],2019,320.0
/works/OL20605856W,Dead Astronauts,['Jeff VanderMeer'],2019,336.0
/works/OL20081454W,the Right swipe,['Alisha Rai'],2019,386.0
/works/OL19924221W,The Chain,['Adrian McKinty'],2019,368.0
/works/OL20150888W,"Pay Attention, Carter Jones",['Gary D. Schmidt'],2019,224.0
/works/OL20885987W,All Eyes on Us,"['Kit Frick', 'Eileen Stevens', 'Katie Schorr']",2019,384.0
/works/OL18823659W,Being A Slut,['Paras Mehra'],2019,380.0
/works/OL21183798W,Terrible Two's Last Laugh,"['Mac Barnett', 'Jory John']",2019,224.0
/works/OL20121082W,The Silence Between Us,['Alison Gervais'],2019,319.0
/works/OL21117588W,"Lies, Lies, Lies",['Adele Parks'],2019,400.0
/works/OL20814023W,Walking to Aldebaran,['Adrian Tchaikovsky'],2019,140.0
/works/OL20663936W,The Kingdom,['Jess Rothenberg'],2019,352.0
/works/OL20648767W,Do You Dream of Terra-Two?,['Temi Oh'],2019,528.0
/works/OL20097568W,#murderfunding,['Gretchen McNeil'],2019,352.0
/works/OL20611499W,To The Land  of Long Lost Friends,['Alexander McCall Smith'],2019,240.0
/works/OL20965973W,The Midnight Library,['Matt Haig'],2020,304.0
/works/OL21084352W,"Good Girl, Bad Blood",['Holly Jackson'],2020,416.0
/works/OL20716197W,The Ballad of Songbirds and Snakes,['Suzanne Collins'],2020,528.0
/works/OL21692056W,The Inheritance Games,['Jennifer Lynn Barnes'],2020,392.0
/works/OL20780974W,The Tower of Nero,['Rick Riordan'],2020,416.0
/works/OL20639427W,One of us is next,"['Karen M. McManus', 'Yaʻel Akhmon']",2020,384.0
/works/OL20723256W,Harrow the Ninth,['Tamsyn Muir'],2020,512.0
/works/OL27838518W,From Blood and Ash,['Jennifer L. Armentrout'],2020,493.0
/works/OL20781257W,Midnight Sun,['Stephenie Meyer'],2020,675.0
/works/OL20742637W,Guest List,"['Lucy Foley', 'Victoria Horrillo Ledesma']",2020,336.0
/works/OL20759125W,Mexican Gothic,['Silvia Moreno-Garcia'],2020,352.0
/works/OL22670634W,Loveless,['Alice Oseman'],2020,433.0
/works/OL20893680W,Piranesi,['Susanna Clarke'],2020,272.0
/works/OL20881237W,A Deadly Education,['Naomi Novik'],2020,320.0
/works/OL20734329W,Beach Read,['Emily Henry'],2020,376.0
/works/OL20878311W,The Thursday Murder Club,['Richard Osman'],2020,382.0
/works/OL20799434W,The Vanishing Half,"['Brit Bennett', 'Brit Bennett']",2020,376.0
/works/OL20689526W,Imagine Me,['Tahereh Mafi'],2020,448.0
/works/OL20793817W,Anxious People,['Fredrik Backman'],2020,352.0
/works/OL20831007W,How the King of Elfhame Learned to Hate Stories,"['Holly Black', 'Rovina Cai']",2020,200.0
/works/OL21330193W,A Kingdom of Flesh and Fire,['Jennifer L. Armentrout'],2020,572.0
/works/OL20895325W,The Dangerous Gift,['Tui T. Sutherland'],2020,336.0
/works/OL20651958W,In five years,['Rebecca Serle'],2020,272.0
/works/OL27965945W,Keeping 13,['Chloe Walsh'],2020,672.0
/works/OL20743965W,Hamnet,"[""Maggie O'Farrell""]",2020,355.0
/works/OL20652090W,My dark Vanessa,"['Kate Elizabeth Russell', 'Grace Gummer', 'Russell  Kate Elizab']",2020,384.0
/works/OL20800457W,These Violent Delights,['Chloe Gong'],2020,470.0
/works/OL20656802W,The Glass Hotel,['Emily St. John Mandel'],2020,328.0
/works/OL24783640W,The Paris Apartment,['Lucy Foley'],2020,398.0
/works/OL42611094W,Gunaho ka Devta,,2020,304.0
/works/OL24139894W,Dawnshard,['Brandon Sanderson'],2020,227.0
/works/OL28708075W,Brutal Prince,['Sophie Lark'],2020,304.0
/works/OL32300604W,Osagashimono wa toshoshitsu made,"['Michiko Aoyama', 'Michiko Aoyama']",2020,302.0
/works/OL21902613W,Unlocked,['Shannon Messenger'],2020,694.0
/works/OL20991847W,Legendborn,['Tracy Deonn'],2020,512.0
/works/OL29328354W,Heart Bones,['Colleen Hoover'],2020,336.0
/works/OL20854695W,Battle Ground,['Jim Butcher'],2020,432.0
/works/OL21676651W,Kingdom of the Wicked,['Kerri Maniscalco'],2020,448.0
/works/OL20645179W,Shuggie Bain,['Douglas Stuart'],2020,543.0
/works/OL24339611W,The Atlas Six,['Olivie Blake'],2020,397.0
/works/OL20760650W,A Certain Hunger,['Chelsea G. Summers'],2020,254.0
/works/OL20757074W,Cemetery Boys,['Aiden Thomas'],2020,356.0
/works/OL20890999W,Ring Shout,['P. Djèlí Clark'],2020,168.0
/works/OL20665410W,The Mirror and the Light,['Hilary Mantel'],2020,864.0
/works/OL20868274W,The Once and Future Witches,['Alix E. Harrow'],2020,528.0
/works/OL20866894W,Home Before Dark,['Todd Ritter'],2020,416.0
/works/OL20808748W,The One and Only Bob,['Katherine Applegate'],2020,356.0
/works/OL24662068W,A Touch Of Ruin,['Scarlett St. Clair'],2020,418.0
/works/OL20835348W,Breasts and Eggs,['川上未映子'],2020,320.0
/works/OL22535730W,From Blood and Ash,"['Jennifer L. Armentrout', 'Stina Nielsen']",2020,494.0
/works/OL20663157W,If It Bleeds,['Stephen King'],2020,457.0
/works/OL21163518W,The Burning God,['R. F. Kuang'],2020,400.0
/works/OL21676778W,Roommate,['Rosie Danan'],2020,336.0
/works/OL20656799W,The City We Became,['N. K. Jemisin'],2020,436.0
/works/OL24315820W,The Perfect Marriage,['Jeneva Rose'],2020,352.0
/works/OL20670525W,Never and Forever,['Cressida Cowell'],2020,400.0
/works/OL20735675W,Network Effect,['Martha Wells'],2020,333.0
/works/OL21883446W,Written in the Stars,['Alexandria Bellefleur'],2020,384.0
/works/OL20827153W,One True King,['Soman Chainani'],2020,624.0
/works/OL20800247W,Leave the World Behind,['Rumaan Alam'],2020,288.0
/works/OL20639851W,Agency,['William Gibson'],2020,416.0
/works/OL23764596W,Star Wars - Thrawn Ascendancy - Greater Good,"['Timothy Zahn', 'Albert Agut Iglesias']",2020,472.0
/works/OL24210931W,L'anomalie,['Hervé Le Tellier'],2020,340.0
/works/OL21156586W,The Ickabog,"['J.K. Rowling', 'Clémentine Beauvais']",2020,304.0
/works/OL20651916W,The henna artist,['Alka Joshi'],2020,376.0
/works/OL20821281W,Devolution,['Max Brooks'],2020,304.0
/works/OL20743897W,Swimming in the Dark,['Tomasz Jedrowski'],2020,176.0
/works/OL20667495W,The Southern Book Club's Guide to Slaying Vampires,['Grady Hendrix'],2020,415.0
/works/OL20768985W,Layla,['Colleen Hoover'],2020,383.0
/works/OL20649783W,The Death of Vivek Oji,['Akwaeke Emezi'],2020,256.0
/works/OL20757778W,Death in Her Hands,"['Ottessa Moshfegh', 'Alba Dedeu Surribas']",2020,272.0
/works/OL20865697W,Spy School Revolution,['Stuart Gibbs'],2020,352.0
/works/OL20760421W,The Cousins,['Karen M. McManus'],2020,408.0
/works/OL20730652W,Felix Ever After,['Kacen Callender'],2020,361.0
/works/OL20914838W,Axiom's End,['Lindsay Ellis'],2020,384.0
/works/OL20758187W,아몬드,"['Won-Pyung Sohn', 'Won-pyung Sohn']",2020,266.0
/works/OL23899195W,Invisible,['Eloy Moreno'],2020,320.0
/works/OL20910588W,Step Closer (Five Nights at Freddy’s Fazbear Frights #4),"['Scott Cawthon', 'Andrea Waggener', 'Elley Cooper', 'Kelly Parra']",2020,224.0
/works/OL20667571W,You Deserve Each Other,['Sarah Hogle'],2020,368.0
/works/OL21395874W,When No One Is Watching,['Alyssa Cole'],2020,368.0
/works/OL20652083W,Fetch (Five Nights at Freddy’s,"['Scott Cawthon', 'Carly Anne West', 'Andrea Waggener']",2020,272.0
/works/OL20692414W,If I had your face,['Frances Cha'],2020,288.0
/works/OL20744409W,Everything Sad Is Untrue,['Daniel Nayeri'],2020,362.0
/works/OL21279423W,From Blood and Ash,['Jennifer L. Armentrout'],2020,625.0
/works/OL20924196W,A Wizard's Guide to Defensive Baking,['T. Kingfisher'],2020,336.0
/works/OL20288788W,Darkness Within,['Erin Hunter'],2020,328.0
/works/OL26087369W,Black Knight,['Rina Kent'],2020,328.0
/works/OL20876521W,A Beautifully Foolish Endeavor,['Hank Green'],2020,426.0
/works/OL21177849W,Daylight,['David Baldacci'],2020,448.0
/works/OL26121595W,The Wife Upstairs,['Freida McFadden'],2020,352.0
/works/OL20865716W,Black Sun,['Rebecca Roanhorse'],2020,464.0
/works/OL20840680W,Luster,"['Raven Leilani', 'Laura Ibáñez']",2020,240.0
/works/OL26087370W,Ruthless Empire,['Rina Kent'],2020,386.0
/works/OL20730641W,Clap When You Land,['Elizabeth Acevedo'],2020,432.0
/works/OL20637387W,The Conference of the Birds,"['Ransom Riggs', 'Kirby Heyborne']",2020,336.0
/works/OL21680947W,The Ministry for the Future,"['Kim Stanley Robinson', 'Simon Saito']",2020,576.0
/works/OL20804258W,The Book of Lost Names,['Kristin Harmel'],2020,400.0
/works/OL20794199W,His & Hers,['Alice Feeney'],2020,348.0
/works/OL21212127W,Star Wars - Thrawn Ascendancy - Chaos Rising,"['Timothy Zahn', 'Albert Agut Iglesias']",2020,408.0
/works/OL20624674W,Dear Edward,['Ann Napolitano'],2020,352.0
/works/OL20841624W,The Awakening,['Nora Roberts'],2020,456.0
/works/OL5714283W,Veil of Shadows,['Erin Hunter'],2020,320.0
/works/OL20655161W,City Spies,['James Ponti'],2020,384.0
/works/OL20652031W,Dragonslayer,['Tui T. Sutherland'],2020,504.0
/works/OL20787872W,The Sentinel,"['Lee Child', 'Andrew Grant']",2020,404.0
/works/OL20646633W,The Sun Down Motel,['Simone St. James'],2020,352.0
/works/OL20886082W,The Searcher,['Tana French'],2020,464.0
/works/OL20881929W,"Take a Hint, Dani Brown","['Talia Hibbert', 'Ione Butler']",2020,400.0
/works/OL20658580W,Graystripe's Vow (Warriors Super Edition),['Erin Hunter'],2020,488.0
/works/OL20665322W,Migrations,['Charlotte McConaghy'],2020,288.0
/works/OL20748683W,Utopia Avenue,['David Mitchell'],2020,605.0
/works/OL20663350W,Walk the Wire,['David Baldacci'],2020,456.0
/works/OL22156269W,Wicked Devil,['Daniela Romero'],2020,297.0
/works/OL34612213W,One By One,['Freida McFadden'],2020,240.0
/works/OL20641099W,Tweet cute,['Emma Lord'],2020,352.0
/works/OL20658751W,Devoted,['Dean Koontz'],2020,384.0
/works/OL20706766W,Champion of the Titan Games,['Brandon Mull'],2020,535.0
/works/OL22662600W,A Deal with the Elf King,['Elise Kova'],2020,338.0
/works/OL20660554W,How much of these hills is gold,['C Pam Zhang'],2020,336.0
/works/OL26087372W,Vicious Prince,['Rina Kent'],2020,300.0
/works/OL26087371W,Twisted Kingdom,['Rina Kent'],2020,312.0
/works/OL21659578W,1:35 AM (Five Nights at Freddy's,"['Scott Cawthon', 'Andrea Waggener', 'Elley Cooper']",2020,276.0
/works/OL20825335W,Attack Surface,['Cory Doctorow'],2020,384.0
/works/OL20706344W,The 20th Victim,"['James Patterson', 'Maxine Paetro']",2020,432.0
/works/OL20649931W,Writers & Lovers,['Lily King'],2020,288.0
/works/OL20642133W,Out of the Attic,['V. C. Andrews'],2020,336.0
/works/OL7987595W,Curse of Christmas,"['Thea Atkinson', 'Christine Pope', 'Margo Bond Collins', 'Stephany Wallace', 'Harper A. Brooks', 'Kat Parrish', 'J.A. Cummings', 'Edeline Wrigh', 'Stacey Jaine McIntosh', 'Zoey Xolton', 'S.K. Gregory', 'M.T. Finnberg', 'Lily Luchesi', 'Elvira Bathory', 'Samantha Bell', 'Tricia Schneider', 'D.C. Gambel', 'Alyssa Daring', 'D.J. Shaw']",2020,852.0
/works/OL20761741W,Evening and the Morning,['Ken Follett'],2020,876.0
/works/OL20648031W,Oona Out of Order,['Margarita Montimore'],2020,338.0
/works/OL20740228W,Shadows in Death,['Nora Roberts'],2020,368.0
/works/OL20689748W,Camp Jupiter Classified - A  Probatio's Journal,['Rick Riordan'],2020,160.0
/works/OL22013604W,The Perfect Son,['Freida McFadden'],2020,346.0
/works/OL20732627W,The last Emperox,['John Scalzi'],2020,328.0
/works/OL20642574W,From the Desk of Zoe Washington,['Janae Marks'],2020,304.0
/works/OL21691299W,Sanatorium,['Sarah Pearse'],2020,408.0
/works/OL21887830W,Clown in a Cornfield,['Adam Cesare'],2020,352.0
/works/OL21815223W,A Shadow in RiverClan,['Erin Hunter'],2020,240.0
/works/OL20662428W,The Book of Lost Friends,['Lisa Wingate'],2020,416.0
/works/OL21453942W,The Betrothed,['Kiera Cass'],2020,320.0
/works/OL24214625W,Rowley Jefferson's Awesome Friendly Spooky Stories,['Jeff Kinney'],2020,224.0
/works/OL21177525W,Invisible Girl,['Lisa Jewell'],2020,416.0
/works/OL26119632W,Rise of a Queen,['Rina Kent'],2020,296.0
/works/OL20685752W,Camino Winds,['John Grisham'],2020,312.0
/works/OL23060690W,Rey blanco,['Juan Gómez-Jurado'],2020,528.0
/works/OL20884624W,The End of Her,['Shari Lapeña'],2020,352.0
/works/OL20883101W,The Relentless Moon,['Mary Robinette Kowal'],2020,544.0
/works/OL20878334W,Unbirthday,['Liz Braswell'],2020,257.0
/works/OL20758544W,Exciting Times,['Naoise Dolan'],2020,248.0
/works/OL20758090W,The Last Flight,['Julie Clark'],2020,320.0
/works/OL20652116W,Wayside School Beneath the Cloud of Doom (Wayside School #4),['Louis Sachar'],2020,192.0
/works/OL20910929W,The Prettiest,['Brigit Young'],2020,320.0
/works/OL22150465W,Crush,"['Tracy Wolff', 'Vicky Charques', 'Esther Roig Giménez', 'Judith Raigal Aran', 'Aylin Manço']",2020,704.0
/works/OL20851667W,The Echo Wife,['Sarah Gailey'],2020,256.0
/works/OL20642244W,The Mystwick School of Musicraft,['Jessica Khoury'],2020,368.0
/works/OL20996308W,The Secret Lives of Church Ladies,['Deesha Philyaw'],2020,192.0
/works/OL20760219W,Kiki's Delivery Service,['Eiko Kadono'],2020,208.0
/works/OL22272750W,Páradais,['Fernanda Melchor'],2020,160.0
/works/OL20926118W,The Trouble with Peace,['Joe Abercrombie'],2020,506.0
/works/OL20791719W,The Gilded Ones,['Namina Forna'],2020,432.0
/works/OL20856335W,The Falling in Love Montage,['Ciara Smyth'],2020,368.0
/works/OL21895914W,In a Holidaze,['Christina Lauren'],2020,320.0
/works/OL20758075W,Hideaway,['Nora Roberts'],2020,464.0
/works/OL21896066W,All This Time,"['Mikki Daughtry', 'Rachael Lippincott']",2020,344.0
/works/OL20644406W,Planet Omar,"['Zanib Mian', 'Nasaya Mafaridik']",2020,240.0
/works/OL20641107W,Golden in death,['Nora Roberts'],2020,400.0
/works/OL20655755W,My dark Vanessa,['Kate Elizabeth Russell'],2020,384.0
/works/OL20884745W,The Space Between Worlds,['Micaiah Johnson'],2020,336.0
/works/OL20795862W,Un cuento perfecto,['Elísabet Benavent'],2020,635.0
/works/OL20860197W,Investigators,['John Patrick Green'],2020,208.0
/works/OL20759195W,Dress Coded,['Carrie Firestone'],2020,320.0
/works/OL20702659W,Slime,['David Walliams'],2020,316.0
/works/OL21914191W,The Missing Prince,['John Flanagan'],2020,288.0
/works/OL22259152W,A Game of Fate,['Scarlett St. Clair'],2020,390.0
/works/OL20881238W,You Exist Too Much,['Zaina Arafat'],2020,268.0
/works/OL20656952W,All your twisted secrets,['Diana Urban'],2020,201.0
/works/OL20666814W,The book of longings,['Sue Monk Kidd'],2020,384.0
/works/OL20640211W,When you trap a tiger,['Tae Keller'],2020,304.0
/works/OL20734491W,The Henna Wars,['Adiba Jaigirdar'],2020,400.0
/works/OL20745722W,Raybearer,['Jordan Ifueko'],2020,384.0
/works/OL20830435W,The Trouble with Hating You,['Sajni Patel'],2020,352.0
/works/OL20873362W,28 Summers,['Elin Hilderbrand'],2020,472.0
/works/OL20660519W,Hollowpox the hunt for Morrigan crow,['Jessica Townsend'],2020,392.0
/works/OL20644306W,Weather,['Jenny Offill'],2020,224.0
/works/OL20814012W,All the Devils Are Here,"['Louise Penny', 'Robert Bathurst']",2020,448.0
/works/OL20663351W,Masked Prey,['John Sandford'],2020,416.0
/works/OL20648061W,Real life,"['Brandon Taylor', 'Brandon Taylor']",2020,336.0
/works/OL20663522W,The List of Things That Will Not Change,['Rebecca Stead'],2020,221.0
/works/OL20899993W,These Violent Delights,['Micah Nemerever'],2020,480.0
/works/OL20904660W,A Sky Beyond the Storm,['Sabaa Tahir'],2020,528.0
/works/OL21722153W,The Hollow Places,['T. Kingfisher'],2020,352.0
/works/OL26119635W,Reign of a King,['Rina Kent'],2020,278.0
/works/OL20663573W,Little Secrets,['Jennifer Hillier'],2020,352.0
/works/OL20658092W,The Mountains Sing,"['Phan Quế Mai Nguyễn', 'Nguyễn Phan Quế Mai', 'Que Mai Phan Nguyen', 'Nguyen Phan Que Mai', 'Nguy?n Phan Qu? Mai']",2020,352.0
/works/OL21934181W,The Surrogate Mother,['Freida McFadden'],2020,288.0
/works/OL21679009W,Mayflies,"[""Andrew O'Hagan""]",2020,288.0
/works/OL26087368W,Royal Elite Epilogue,['Rina Kent'],2020,210.0
/works/OL20808209W,Aurora Burning,"['Amie Kaufman', 'Jay Kristoff']",2020,512.0
/works/OL21703590W,Spoiler Alert,['Olivia Dade'],2020,416.0
/works/OL20934839W,Hench,['Natalie Zina Walschots'],2020,416.0
/works/OL20752471W,Book of Two Ways,['Jodi Picoult'],2020,432.0
/works/OL20805927W,You Should See Me in a Crown,"['Leah Johnson', 'Leah (Young adult author) Johnson']",2020,336.0
/works/OL20649930W,The Night Watchman,['Louise Erdrich'],2020,464.0
/works/OL20750940W,Paris Library,['Janet Skeslien Charles'],2020,400.0
/works/OL20892317W,The Patient,['Jasper DeWitt'],2020,224.0
/works/OL20665082W,Fable,['Adrienne Young'],2020,368.0
/works/OL26087366W,All the Lies,['Rina Kent'],2020,290.0
/works/OL20768986W,Elsewhere,['Dean Koontz'],2020,400.0
/works/OL20760935W,Black Kids,['Christina Hammonds Reed'],2020,368.0
/works/OL20756742W,We Are Not Free,['Traci Chee'],2020,400.0
/works/OL21775989W,Goodbye mr. terupt,['Rob Buyea'],2020,416.0
/works/OL20663195W,A Warrior's Spirit (Warriors Novella),['Erin Hunter'],2020,320.0
/works/OL20759066W,Pizza and Taco,['Stephen Shaskan'],2020,68.0
/works/OL20855885W,The Pull of the Stars,['Emma Donoghue'],2020,304.0
/works/OL20760225W,Transcendent Kingdom,['Yaa Gyasi'],2020,304.0
/works/OL20943434W,The Lost Book of the White,"['Wesley Chu', 'Cassandra Clare']",2020,400.0
/works/OL21891756W,Canyon's Edge,['Dusti Bowling'],2020,320.0
/works/OL20747529W,Shorefall,['Robert Jackson Bennett'],2020,456.0
/works/OL20652036W,Prairie Lotus,['Linda Sue Park'],2020,272.0
/works/OL20864484W,We Begin at the End,['Chris Whitaker'],2020,400.0
/works/OL21368698W,Doors of Eden,['Adrian Tchaikovsky'],2020,608.0
/works/OL20652324W,Star Wars Episode IX - The Rise of Skywalker,['Rae Carson'],2020,352.0
/works/OL20803400W,Magic Lessons,['Alice Hoffman'],2020,416.0
/works/OL21797986W,Grown,['Tiffany D. Jackson'],2020,371.0
/works/OL21887589W,Battle for Crystal Castle,['Elisabetta Dami'],2020,482.0
/works/OL22140272W,Devil and the Dark Water,['Stuart Turton'],2020,448.0
/works/OL21880376W,Cinderella's Royal Secret,['Lynne Graham'],2020,224.0
/works/OL20646003W,The other Mrs.,['Mary Kubica'],2020,352.0
/works/OL20756378W,Sharks in the Time of Saviors,['Kawai Strong Washburn'],2020,384.0
/works/OL20663199W,The Spirit-Eaters,['Erin Hunter'],2020,320.0
/works/OL23962332W,Home Body,['Rupi Kaur'],2020,192.0
/works/OL20859992W,Hidden in Plain Sight,['Jeffrey Archer'],2020,384.0
/works/OL20901557W,Evil Thing,['Serena Valentino'],2020,128.0
/works/OL21177831W,Iron Heart,['Nina Varela'],2020,408.0
/works/OL20666762W,The Girl and the Stars,['Mark Lawrence'],2020,416.0
/works/OL20890969W,Common Goal,['Rachel Reid'],2020,320.0
/works/OL21900742W,When Life Gives You Mangos,['Kereen Getten'],2020,208.0
/works/OL20683062W,Nightshade,['Anthony Horowitz'],2020,421.0
/works/OL27701938W,The Crown of Gilded Bones,['Jennifer L. Armentrout'],2020,575.0
/works/OL20809405W,One by One,['Ruth Ware'],2020,384.0
/works/OL21465153W,The Coast-to-Coast Murders,"['James Patterson', 'J. D. Barker', 'J.D. Barker']",2020,624.0
/works/OL20847720W,Thick as Thieves,['Sandra Brown'],2020,400.0
/works/OL24128869W,Big Nate - The Gerbil Ate my Homework,['Lincoln Pierce'],2020,176.0
/works/OL20787420W,Blue Ticket,['Sophie Mackintosh'],2020,304.0
/works/OL20744632W,Mercies,['Kiran Millwood Hargrave'],2020,256.0
/works/OL21892352W,Minecraft - The Shipwreck,['C. B. Lee'],2020,368.0
/works/OL20753706W,A Time for Mercy,['John Grisham'],2020,450.0
/works/OL20758343W,Stay Gold,['Tobly McSmith'],2020,368.0
/works/OL20919143W,Against the Loveless World,['Susan Abulhawa'],2020,384.0
/works/OL22070615W,The Traitor Queen,['Danielle L. Jensen'],2020,350.0
/works/OL21177398W,Plain Bad Heroines,['Emily M. Danforth'],2020,640.0
/works/OL21678662W,Afterlives,['Abdulrazak Gurnah'],2020,312.0
/works/OL20812778W,Becoming Brianna,['Terri Libenson'],2020,313.0
/works/OL20809106W,The Paper Girl of Paris,['Jordyn Taylor'],2020,352.0
/works/OL20800248W,The Left-Handed Booksellers of London,['Garth Nix'],2020,416.0
/works/OL20658755W,Texas Outlaw,"['James Patterson', 'Andrew Bourelle', 'Andrew Bourelle', 'Andrew Bourelle']",2020,448.0
/works/OL20800266W,Moonflower Murders,"['Anthony Horowitz', 'Lesley Manville', 'Allan Corduner']",2020,584.0
/works/OL20936573W,Dark Song,['Christine Feehan'],2020,448.0
/works/OL20803384W,The Summer House,"['James Patterson', 'Brendan DuBois']",2020,448.0
/works/OL21909375W,Stranger Things,"['Greg Pak', 'Valeria Favoccia']",2020,72.0
/works/OL21675916W,Forged,['Benedict Jacka'],2020,336.0
/works/OL20656218W,Smoke bitten,['Patricia Briggs'],2020,336.0
/works/OL20699669W,Oathkeeper,['Erin Hunter'],2020,256.0
/works/OL20847617W,The Lost Village,"['Camilla Sten', 'Alexandra Fleming']",2020,344.0
/works/OL21880955W,Love and Olives,['Jenna Evans Welch'],2020,512.0
/works/OL21684458W,Breathless,['Jennifer Niven'],2020,400.0
/works/OL26604264W,Gravity,['Sara Cate'],2020,340.0
/works/OL20791844W,1st Case,"['James Patterson', 'Christopher Tebbetts']",2020,352.0
/works/OL34314731W,If We Ever Meet Again,['Ana Huang'],2020,304.0
/works/OL20866483W,Winter Counts,['David Heska Wanbli Weiden'],2020,336.0
/works/OL21685467W,The Queen's Assassin,['Melissa De La Cruz'],2020,392.0
/works/OL20831006W,Blood & Honey,['Shelby Mahurin'],2020,544.0
/works/OL20685917W,Echo Mountain,['Lauren Wolk'],2020,362.0
/works/OL25914069W,Tales from the Cafe,"['川口俊和', 'Sunmark Publishing, Inc., Inc.']",2020,208.0
/works/OL20899627W,Memoirs and Misinformation,"['Jim Carrey', 'Dana Vachon', 'Alba Pagán']",2020,288.0
/works/OL20935205W,What Are You Going Through,['Sigrid Nunez'],2020,224.0
/works/OL21250212W,Girls Against God,['Jenny Hval'],2020,240.0
/works/OL20783633W,The Jane Austen Society,['Natalie Jenner'],2020,320.0
/works/OL21902795W,Becoming Muhammad Ali,"['James Patterson', 'Kwame Alexander']",2020,320.0
/works/OL20836667W,The Saints of Salvation,['Peter F. Hamilton'],2020,528.0
/works/OL21646227W,The Return,['Nicholas Sparks'],2020,368.0
/works/OL20760222W,Betty,['Tiffany McDaniel'],2020,508.0
/works/OL20645180W,The unspoken name,['A. K. Larkwood'],2020,496.0
/works/OL20727777W,To Hold Up the Sky,['刘慈欣'],2020,362.0
/works/OL21017707W,Violet Bent Backwards Over the Grass,['Lana Del Rey'],2020,128.0
/works/OL20891043W,Hawk,"['James Patterson', 'Gabrielle Charbonnet']",2020,410.0
/works/OL20746197W,Catherine House,['Elisabeth Thomas'],2020,320.0
/works/OL21176993W,The Midwife Murders,"['James Patterson', 'Richard DiLallo', 'Richard Dilallo']",2020,352.0
/works/OL21368806W,The Invention of Sound,['Chuck Palahniuk'],2020,240.0
/works/OL20744438W,Elatsoe,['Darcie Little Badger'],2020,362.0
/works/OL20904971W,Before the Ever After,"['Jacqueline Woodson', 'Guy Lockard']",2020,176.0
/works/OL20650641W,Eight perfect murders,['Peter Swanson'],2020,145.0
/works/OL20756631W,Girl in the White Van,['April Henry'],2020,224.0
/works/OL25432584W,Tough Guy,['Rachel Reid'],2020,304.0
/works/OL20660814W,The empress of salt and fortune,['Nghi Vo'],2020,112.0
/works/OL20642509W,Djinn patrol on the purple line,"['Deepa Anappara', 'Deepa Anappara']",2020,352.0
/works/OL24045690W,The witches--The graphic novel,"['Pénélope Bagieu', 'Roald Dahl']",2020,304.0
/works/OL20758699W,How Beautiful We Were,['Imbolo Mbue'],2020,384.0
/works/OL21663416W,Written in Blood,['Chris Carter'],2020,496.0
/works/OL20726984W,The End of October,['Lawrence Wright'],2020,400.0
/works/OL20936065W,Homeland Elegies,['Ayad Akhtar'],2020,376.0
/works/OL20654215W,The authenticity project,['Clare Pooley'],2020,384.0
/works/OL20712174W,All adults here,['Emma Straub'],2020,376.0
/works/OL20818554W,Go with the Flow,"['Karen Schneemann', 'Lily Williams']",2020,336.0
/works/OL20648319W,All the stars and teeth,['Adalyn Grace'],2020,408.0
/works/OL21681481W,"War Lord (the Last Kingdom Series, Book 13)",['Bernard Cornwell'],2020,357.0
/works/OL20641003W,Every other weekend,['Abigail Johnson'],2020,500.0
/works/OL20749268W,Loop,['Jeremy Robert Johnson'],2020,320.0
/works/OL20871087W,The Hole,"['小山田浩子', 'David Boyd']",2020,112.0
/works/OL20905669W,When the Tiger Came Down the Mountain,['Nghi Vo'],2020,176.0
/works/OL20656947W,Aru Shah and the Tree of Wishes,"['Roshani Chokshi', 'Yaʻel Akhmon']",2020,400.0
/works/OL21876996W,Texas Proud,['Diana Palmer'],2020,288.0
/works/OL20650889W,Deacon King Kong,['James McBride'],2020,544.0
/works/OL20870887W,Punching the Air,['Ibi Aanu Zoboi'],2020,400.0
/works/OL20727075W,Big Summer,['Jodi Picocell'],2020,368.0
/works/OL21900683W,Millionaires for the Month,['Stacy McAnulty'],2020,314.0
/works/OL20870510W,The Girl from Widow Hills,['Megan Miranda'],2020,336.0
/works/OL20760352W,Year of the Witching,['Alexis Henderson'],2020,344.0
/works/OL20758709W,Burning,['Megha Majumdar'],2020,304.0
/works/OL21105202W,The Wonder Boy of Whistle Stop,['Fannie Flagg'],2020,304.0
/works/OL24377515W,Intercepts,['T.J. Payne'],2020,326.0
/works/OL21227899W,Who I Was with Her,['Nita Tyndall'],2020,352.0
/works/OL20925132W,American Royals II,['Katharine McGee'],2020,384.0
/works/OL20742435W,Bone Silence,['Alastair Reynolds'],2020,552.0
/works/OL20640994W,Come Tumbling Down,['Seanan McGuire'],2020,200.0
/works/OL20842683W,The Lies That Bind,['Emily Giffin'],2020,368.0
/works/OL20746388W,Constant Rabbit,['Jasper Fforde'],2020,320.0
/works/OL20783275W,Afterland,"['Lauren Beukes', 'Bianca Amato']",2020,448.0
/works/OL20734401W,We Dream of Space,['Erin Entrada Kelly'],2020,352.0
/works/OL21891230W,Neil Gaiman Reader,['Neil Gaiman'],2020,752.0
/works/OL20934961W,The Office of Historical Corrections,['Danielle Evans'],2020,288.0
/works/OL24834225W,Highest Bidder Collection,"['Lauren Landish', 'Willow Winters']",2020,808.0
/works/OL24134718W,Daughter of No Worlds,['Carissa Broadbent'],2020,518.0
/works/OL22005003W,Pretty Little Wife,['Darby Kane'],2020,400.0
/works/OL38077467W,The Reaper,['RuNyx'],2020,352.0
/works/OL20887572W,Pizza Girl,['Jean Kyoung Frazier'],2020,208.0
/works/OL20800218W,Charming as a Verb,['Ben Philippe'],2020,169.0
/works/OL20873769W,Star Wars - Alphabet Squadron - Shadow Fall,['Alexander Freed'],2020,368.0
/works/OL20649927W,You are not alone,"['Greer Hendricks', 'Sarah Pekkanen']",2020,352.0
/works/OL21913082W,NYPD Red 6,"['James Patterson', 'Marshall Karp']",2020,416.0
/works/OL20832130W,Skyhunter,['Marie Lu'],2020,432.0
/works/OL27674102W,Reverie,['Shain Rose'],2020,366.0
/works/OL20776577W,This Is How I Lied,['Heather Gudenkauf'],2020,336.0
/works/OL20776600W,Rodham,['Curtis Sittenfeld'],2020,432.0
/works/OL20805898W,Unravel the Dusk,['Elizabeth Lim'],2020,368.0
/works/OL20755963W,96 Miles,['J. L. Esplin'],2020,272.0
/works/OL20640520W,Interior Chinatown,['Charles Yu'],2020,288.0
/works/OL20745916W,Ember Queen,['Laura Sebastian'],2020,480.0
/works/OL20650946W,Daughter of Rome,['Tessa Afshar'],2020,416.0
/works/OL20835302W,Sex and Vanity,['Kevin Kwan'],2020,352.0
/works/OL20881067W,Edge of Collapse,['Kyla Stone'],2020,316.0
/works/OL20780723W,The wife stalker,['Liv Constantine'],2020,320.0
/works/OL20991105W,Interior Chinatown,['Charles Yu'],2020,288.0
/works/OL20757155W,I Killed Zoe Spanos,['Kit Frick'],2020,384.0
/works/OL21007821W,Burnt Sugar,['Avni Doshi'],2020,240.0
/works/OL21688554W,Shine,['Jessica Jung'],2020,352.0
/works/OL21887619W,Deepfake,['Sarah Darer Littman'],2020,352.0
/works/OL21903085W,Law of Innocence,['Michael Connelly'],2020,448.0
/works/OL21679962W,The Fowl Twins Deny All Charges,['Eoin Colfer'],2020,336.0
/works/OL20743292W,Grown-Ups,['Marian Keyes'],2020,656.0
/works/OL20660568W,Chosen ones,['Veronica Roth'],2020,432.0
/works/OL21877877W,Ragweed and Poppy,['Avi'],2020,272.0
/works/OL20682715W,We Are Totally Normal,['Rahul Kanakia'],2020,288.0
/works/OL20890842W,Fighting Words,['Kimberly Brubaker Bradley'],2020,286.0
/works/OL20919671W,Twins,"['Varian Johnson', 'Shannon Wright']",2020,256.0
/works/OL20631509W,The Better Liar,['Tanen Jones'],2020,288.0
/works/OL20761198W,Don't Look for Me,"['Walker, Wendy']",2020,352.0
/works/OL20650890W,Deacon King Kong,['James McBride'],2020,384.0
/works/OL20655786W,Darling Rose Gold,['Stephanie Wrobel'],2020,320.0
/works/OL21685802W,Skunk and Badger,['Amy Timberlake'],2020,140.0
/works/OL20925140W,When I Was You,['Amber Garza'],2020,368.0
/works/OL20800452W,The New Wilderness,['Diane Cook'],2020,209.0
/works/OL27017432W,Zodiac Academy 6,"['Caroline Peckham', 'Susanne Valenti']",2020,664.0
/works/OL21256024W,Total Power,"['Vince Flynn', 'Kyle Mills']",2020,400.0
/works/OL21684390W,Fortune and Glory,['Janet Evanovich'],2020,336.0
/works/OL20641061W,Black girl unlimited,['Echo Brown'],2020,304.0
/works/OL27674101W,Inevitable,['Shain Rose'],2020,497.0
/works/OL20758839W,This Is My America,['Kim Johnson'],2020,416.0
/works/OL20651365W,The midnight lie,['Marie Rutkoski'],2020,368.0
/works/OL21869850W,"Silver Serpent (Agatha Oddly, Book 3)",['Lena Jones'],2020,368.0
/works/OL20744529W,Love in Colour,['Bolu Babalola'],2020,288.0
/works/OL24158799W,Submitting to the Alpha,['Emilia Rose'],2020,320.0
/works/OL20650169W,Lethal Game,"['Christine Feehan', 'Penguin Publishing Group']",2020,448.0
/works/OL21900717W,Smartest Kid in the Universe,['Chris Grabenstein'],2020,304.0
/works/OL20780468W,We Are Not from Here,['Jenny Torres Sanchez'],2020,368.0
/works/OL20800381W,Minecraft Dungeons,['Matt Forbeck'],2020,288.0
/works/OL20712027W,A Good Marriage,['Kimberly McCreight'],2020,400.0
/works/OL20652399W,A conspiracy of bones,['Kathy Reichs'],2020,352.0
/works/OL21907375W,Wolfwalkers,['Samuel Sattin'],2020,272.0
/works/OL21676305W,K-Pop Confidential,['Stephan Lee'],2020,368.0
/works/OL20820330W,Closer to Nowhere,['Ellen Hopkins'],2020,416.0
/works/OL21900726W,Hatch,['Kenneth Oppel'],2020,416.0
/works/OL20705754W,The silence of bones,['June Hur'],2020,344.0
/works/OL20841939W,The Shadows,['Steve Mosby'],2020,368.0
/works/OL24344512W,We Need to Do Something,['Max Booth III'],2020,168.0
/works/OL21890794W,Wrong Family,['Tarryn Fisher'],2020,344.0
/works/OL20732608W,Savage Son,['Jack Carr'],2020,432.0
/works/OL21887610W,Logan Likes Mary Anne! (the Baby-Sitters Club Graphic Novel #8),"['Ann M. Martin', 'Gale Galligan']",2020,176.0
/works/OL20644412W,Here in the Real World,['Sara Pennypacker'],2020,320.0
/works/OL22701646W,The Moonlight Child,['Karen McQuestion'],2020,326.0
/works/OL21176904W,Relentless,['R. A. Salvatore'],2020,233.0
/works/OL21177719W,Class Act,['Jerry Craft'],2020,256.0
/works/OL21887709W,Beyond the Break,['Heather Buchta'],2020,352.0
/works/OL20644404W,Middle School Bites,"['Steven Banks', 'Mark Fearing']",2020,304.0
/works/OL20866426W,Night of the Mannequins,['Stephen Graham Jones'],2020,136.0
/works/OL20639861W,Followers,['Megan Angelo'],2020,400.0
/works/OL20760636W,The Girl and the Ghost,['Hanna Alkaf'],2020,282.0
/works/OL20943470W,Paladin's Grace,['T. Kingfisher'],2020,374.0
/works/OL21889081W,The Midnight Bargain,['C. L. Polk'],2020,384.0
/works/OL21107728W,The Hollow Ones,"['Guillermo del Toro', 'Chuck Hogan']",2020,368.0
/works/OL20641013W,The vanished birds,['Simon Jimenez'],2020,432.0
/works/OL20749794W,Blacktop Wasteland,['S. A. Cosby'],2020,320.0
/works/OL20847803W,Alpha Night,"['Nalini Singh', 'Angela Dawe']",2020,400.0
/works/OL20811145W,Queen of Storms,['Raymond E. Feist'],2020,437.0
/works/OL21679910W,Lies Like Poison,['Chelsea Pitcher'],2020,304.0
/works/OL20755966W,The Silvered Serpents,['Roshani Chokshi'],2020,432.0
/works/OL20913884W,Red Pill,['Hari Kunzru'],2020,304.0
/works/OL21164754W,You Had Me at Hola,['Alexis Daria'],2020,193.0
/works/OL21148174W,Sucker Punch,['Laurell K. Hamilton'],2020,512.0
/works/OL20757578W,When Stars Are Scattered,['Victoria Jamieson'],2020,264.0
/works/OL27735122W,Hamnet,"[""Maggie O'Farrell""]",2020,368.0
/works/OL21682387W,"Tristan Strong Destroys the World (a Tristan Strong Novel, Book 2)",['Kwame Mbalia'],2020,400.0
/works/OL21675374W,Another Now,['Yanis Varoufakis'],2020,224.0
/works/OL21891758W,None Shall Sleep,['Ellie Marney'],2020,400.0
/works/OL20835260W,Explorer Academy,"['Trudi Strain Trueit', 'National Geographic Kids']",2020,216.0
/works/OL32324033W,Iqunga,['Dudu Busani-Dube'],2020,302.0
/works/OL20855520W,Butterfly 2,['Ashley'],2020,304.0
/works/OL21888343W,Star Wars - Queen's Peril,['E. K. Johnston'],2020,288.0
/works/OL20884687W,You Say It First,['Katie Cotugno'],2020,368.0
/works/OL20881836W,Brave Like That,['Lindsey Stoddard'],2020,272.0
/works/OL21695632W,Serpentine,['Philip Pullman'],2020,80.0
/works/OL20899844W,Return to Virgin River,"['Robyn Carr', 'Therese Plummer']",2020,360.0
/works/OL20899816W,The Law of Innocence,['Michael Connelly'],2020,408.0
/works/OL20771393W,Party of Two,['Jasmine Guillory'],2020,336.0
/works/OL20626992W,Long Bright River,['Liz Moore'],2020,473.0
/works/OL20666896W,Pretty Things,['Janelle Brown'],2020,496.0
/works/OL20685579W,Rick,['Alex Gino'],2020,240.0
/works/OL21876912W,Thousand Questions,['Saadia Faruqi'],2020,161.0
/works/OL20755817W,Docile,['K. M. Szpara'],2020,496.0
/works/OL20760566W,Sisters,['Daisy Johnson'],2020,192.0
/works/OL20858561W,Mona,"['Pola Oloixarac', 'Adam Morris']",2020,176.0
/works/OL20765351W,Nothing Man,['Catherine Ryan Howard'],2020,352.0
/works/OL21668279W,Innocent's Forgotten Wedding,['Lynne Graham'],2020,224.0
/works/OL21679570W,This Time Next Year,['Sophie Cousens'],2020,378.0
/works/OL20906922W,Ruinsong,['Julia Ember'],2020,368.0
/works/OL21876911W,A Whale of the Wild,['Rosanne Parry'],2020,330.0
/works/OL20760216W,House of Dragons,['Jessica Cluess'],2020,448.0
/works/OL25421191W,Sucker Punch,['Laurell K. Hamilton'],2020,608.0
/works/OL20744294W,First Sister,['Linden A. Lewis'],2020,352.0
/works/OL21252932W,Midwinter Murder,['Agatha Christie'],2020,296.0
/works/OL20656217W,The Chaos Curse (Kiranmala and the Kingdom Beyond #3),['Sayantani DasGupta'],2020,400.0
/works/OL20660625W,Conjure women,"['Afia Atakora', 'Atakora  Afia']",2020,416.0
/works/OL21231366W,The Silent Wife,['Karin Slaughter'],2020,664.0
/works/OL21765098W,Tools of Engagement,['Tessa Bailey'],2020,368.0
/works/OL20800326W,The Cold Millions,['Jess Walter'],2020,352.0
/works/OL20836482W,The Survivors,['Jane Harper'],2020,384.0
/works/OL20662418W,Before I Called You Mine,['Nicole Deese'],2020,368.0
/works/OL21677055W,Max Einstein Saves the Future,"['James Patterson', 'Chris Grabenstein']",2020,336.0
/works/OL20805301W,Squeeze Me,['Carl Hiaasen'],2020,352.0
/works/OL20884692W,I'll Be the One,['Lyla Lee'],2020,336.0
/works/OL21890815W,This Is Not the Jess Show,['Anna Carey'],2020,304.0
/works/OL20641081W,The hand on the wall,['Maureen Johnson'],2020,384.0
/works/OL20905182W,The Sun Sister,['Lucinda Riley'],2020,656.0
/works/OL20919167W,The Last Story of Mina Lee,['Nancy Jooyoun Kim'],2020,352.0
/works/OL20652042W,"Black Brother, Black Brother",['Jewell Parker Rhodes'],2020,240.0
/works/OL22163248W,The Night Will Find Us,['Matthew Lyons'],2020,324.0
/works/OL20696438W,Baloney and Friends,['Greg Pizzoli'],2020,96.0
/works/OL20651927W,Anna K,['Jenny Lee'],2020,400.0
/works/OL20800241W,Instant Karma,['Marissa Meyer'],2020,400.0
/works/OL27310398W,Haunting Adeline,['H. D. Carlton'],2021,615.0
/works/OL21745884W,Project Hail Mary,['Andy Weir'],2021,496.0
/works/OL24390422W,Twisted Love,['Ana Huang'],2021,358.0
/works/OL24178205W,The Love Hypothesis,['Ali Hazelwood'],2021,398.0
/works/OL24542623W,Better Than the Movies,['Lynn Painter'],2021,368.0
/works/OL21703979W,A Court of Silver Flames,['Sarah J. Maas'],2021,768.0
/works/OL25515697W,Twisted Games,['Ana Huang'],2021,454.0
/works/OL24231383W,The Hawthorne Legacy,['Jennifer Lynn Barnes'],2021,373.0
/works/OL24706481W,Once Upon a Broken Heart,['Stephanie Garber'],2021,416.0
/works/OL24236112W,As Good As Dead,['Holly Jackson'],2021,504.0
/works/OL22563730W,People We Meet On Vacation,['Emily Henry'],2021,432.0
/works/OL24311121W,Rock Paper Scissors,['Alice Feeney'],2021,344.0
/works/OL21703286W,One Last Stop,['Casey McQuiston'],2021,432.0
/works/OL25555522W,Hooked,['Emily McIntire'],2021,332.0
/works/OL27297240W,Hunting Adeline,['H. D. Carlton'],2021,685.0
/works/OL24457490W,You've Reached Sam,['Dustin Thao'],2021,320.0
/works/OL22135561W,Malibu Rising,['Taylor Jenkins Reid'],2021,384.0
/works/OL24229351W,Billy Summers,['Stephen King'],2021,608.0
/works/OL24161797W,The Last Thing He Told Me,['Laura Dave'],2021,320.0
/works/OL21917209W,The Lost Apothecary,['Sarah Penner'],2021,352.0
/works/OL24151602W,"Beautiful World, Where Are You","['Sally Rooney', 'Octavi Gil Pujol']",2021,352.0
/works/OL24627202W,Things Have Gotten Worse Since We Last Spoke,['Eric LaRocca'],2021,120.0
/works/OL26345722W,The Spanish Love Deception,['Elena Armas'],2021,480.0
/works/OL25957469W,Heaven Official's Blessing -- Tian Guan Ci Fu Vol. 1,['Mo Xiang Tong Xiu'],2021,417.0
/works/OL24235915W,Daughter of the Deep,['Rick Riordan'],2021,368.0
/works/OL22017172W,Dog Man,"['Dav Pilkey', 'Jose Garibaldi']",2021,224.0
/works/OL28954802W,The Locked Door,['Freida McFadden'],2021,312.0
/works/OL24164954W,Cloud Cuckoo Land,['Anthony Doerr'],2021,656.0
/works/OL24207665W,The Final Girl Support Group,['Grady Hendrix'],2021,352.0
/works/OL26119633W,Vow of Deception,['Rina Kent'],2021,298.0
/works/OL21705742W,Amari and the Night Brothers,['B. B. Alston'],2021,400.0
/works/OL21704818W,Leviathan Falls,['James S. A. Corey'],2021,584.0
/works/OL24377219W,Freed,['E. L. James'],2021,720.0
/works/OL24138344W,The Crown of Gilded Bones,['Jennifer L. Armentrout'],2021,600.0
/works/OL20805971W,Fugitive Telemetry,['Martha Wells'],2021,176.0
/works/OL20901884W,The Things We Leave Unfinished,['Rebecca Yarros'],2021,424.0
/works/OL34962371W,The Maidens,['Alex Michaelides'],2021,337.0
/works/OL21703280W,Rule of Wolves,"['Leigh Bardugo', 'LitJoy Crate']",2021,616.0
/works/OL24695160W,Seven Days in June,"['Tia Williams', 'Mela Lee']",2021,336.0
/works/OL24987665W,Promises and Pomegranates,['Sav R. Miller'],2021,364.0
/works/OL24398747W,You'd Be Home Now,['Kathleen Glasgow'],2021,400.0
/works/OL24514935W,Neon Gods,['Katee Robert'],2021,384.0
/works/OL27954238W,A Not So Meet Cute,['Meghan Quinn'],2021,438.0
/works/OL24481122W,Shards of Earth,['Adrian Tchaikovsky'],2021,560.0
/works/OL28959223W,"Heartstopper, Volume Five",['Alice Oseman'],2021,336.0
/works/OL20836881W,The Wife Upstairs,['Rachel Hawkins'],2021,320.0
/works/OL24361285W,Kingdom of Fantasy #14,['Elisabetta Dami'],2021,320.0
/works/OL24485394W,The Cat Who Saved Books,['Sosuke Natsukawa'],2021,226.0
/works/OL20848243W,The Four Winds,"['Kristin Hannah', 'Laura Vidal Sanz']",2021,508.0
/works/OL27244347W,Forever after All,['Catharina Maura'],2021,354.0
/works/OL26432723W,Darling Venom,['Parker S. Huntington'],2021,378.0
/works/OL21694014W,The Push,['Ashley Audrain'],2021,336.0
/works/OL24228313W,Star Wars The High Republic - Light of the Jedi,['Charles Soule'],2021,400.0
/works/OL24197719W,The Soulmate Equation,['Christina Lauren'],2021,368.0
/works/OL24206540W,A Tale of Sorcery...,['Chris Colfer'],2021,489.0
/works/OL24151553W,Harlem Shuffle,"['Colson Whitehead', 'Yannick García']",2021,336.0
/works/OL25763548W,The Summer of Broken Rules,['K. L. Walther'],2021,384.0
/works/OL21696935W,Open Water,['Caleb Azumah Nelson'],2021,160.0
/works/OL20919875W,No One Is Talking About This,['Patricia Lockwood'],2021,224.0
/works/OL24188851W,Not Here to Be Liked,['Michelle Quach'],2021,384.0
/works/OL24452288W,The Stranger in the Lifeboat,['Mitch Albom'],2021,288.0
/works/OL29167139W,There Are No Saints,['Sophie Lark'],2021,360.0
/works/OL24770248W,Elder Race,['Adrian Tchaikovsky'],2021,192.0
/works/OL25275003W,Our Violent Ends,['Chloe Gong'],2021,512.0
/works/OL20862021W,Under the Whispering Door,['T. J. Klune'],2021,400.0
/works/OL22476184W,The Last Graduate,['Naomi Novik'],2021,336.0
/works/OL20837105W,The Good Sister,['Sally Hepworth'],2021,352.0
/works/OL20936048W,Milk Fed,['Melissa Broder'],2021,304.0
/works/OL21914098W,Finlay Donovan Is Killing It,['Elle Cosimano'],2021,368.0
/works/OL24360692W,Not a Happy Family,"['Shari Lapeña', 'Jesús de la Torre']",2021,380.0
/works/OL24667963W,Six Crimson Cranes,['Elizabeth Lim'],2021,464.0
/works/OL24509967W,Apples Never Fall,['Liane Moriarty'],2021,480.0
/works/OL21171268W,The Rose Code,['Kate Quinn'],2021,400.0
/works/OL24788564W,In My Dreams I Hold a Knife,['Ashley Winstead'],2021,352.0
/works/OL21910821W,Ground Zero,['Alan Gratz'],2021,336.0
/works/OL24205227W,The Lincoln Highway,['Amor Towles'],2021,583.0
/works/OL24602331W,Hani and Ishu's Guide to Fake Dating,['Adiba Jaigirdar'],2021,360.0
/works/OL24134555W,The Personal Librarian,"['Marie Benedict', 'Victoria Christopher Murray']",2021,352.0
/works/OL19744467W,The Fourth Closet,"['Scott Cawthon', 'Kira Breed-Wrisley']",2021,192.0
/works/OL20878208W,"Detransition, Baby",['Torrey Peters'],2021,352.0
/works/OL23083626W,Dial A for Aunties,['Jesse Q. Sutanto'],2021,352.0
/works/OL20863101W,Concrete Rose,['Angie Thomas'],2021,368.0
/works/OL24142593W,Better Off Dead,"['Lee Child', 'Andrew Grant']",2021,460.0
/works/OL24190174W,False Witness,['Karin Slaughter'],2021,400.0
/works/OL22033513W,Yellow Wife,['Sadeqa Johnson'],2021,288.0
/works/OL24390279W,Aru Shah and the City of Gold,['Roshani Chokshi'],2021,480.0
/works/OL22561871W,A Psalm for the Wild-Built,['Becky Chambers'],2021,160.0
/works/OL26087367W,Empire of Desire,['Rina Kent'],2021,366.0
/works/OL26771373W,A Dowry of Blood,['S. T. Gibson'],2021,272.0
/works/OL24539367W,Cytonic,['Brandon Sanderson'],2021,432.0
/works/OL20805905W,Firekeeper's Daughter,['Angeline Boulley'],2021,494.0
/works/OL26120700W,Black Thorns,['Rina Kent'],2021,338.0
/works/OL21916681W,The Obsession,"['Jesse Sutanto', 'Jesse Q. Sutanto']",2021,320.0
/works/OL24161953W,21st Birthday,"['James Patterson', 'Maxine Paetro']",2021,416.0
/works/OL25960073W,Dr. Grant,['Catharina Maura'],2021,360.0
/works/OL24520836W,저주 토끼 [Jeoju tokki],['Bora Chung'],2021,248.0
/works/OL22571726W,Survive the Night,['Riley Sager'],2021,336.0
/works/OL21950782W,In Deeper Waters,['F. T. Lukens'],2021,304.0
/works/OL24147190W,Stranger Things,['A. R. Capetta'],2021,320.0
/works/OL24381231W,The Apollo Murders,['Chris Hadfield'],2021,408.0
/works/OL20923693W,"The Galaxy, and the Ground Within",['Becky Chambers'],2021,368.0
/works/OL24344921W,The Judge's List,['John Grisham'],2021,425.0
/works/OL24863941W,Morning Glory Milking Farm,['C M Nascosta'],2021,247.0
/works/OL24181649W,Minecraft,['Max Brooks'],2021,311.0
/works/OL24195192W,Not My Problem,['Ciara Smyth'],2021,368.0
/works/OL22135557W,You Love Me,['Caroline Kepnes'],2021,400.0
/works/OL24151557W,Everyone in This Room Will Someday Be Dead,['Emily Austin'],2021,256.0
/works/OL24181730W,Crossroads,['Jonathan Franzen'],2021,596.0
/works/OL23614169W,Acts of Desperation,['Megan Nolan'],2021,256.0
/works/OL24344481W,You & Me at the End of the World,['Brianna Bourne'],2021,368.0
/works/OL21929484W,Pho Love Story,['Loan Le'],2021,352.0
/works/OL24503616W,Wish You Were Here,['Jodi Picoult'],2021,336.0
/works/OL24375354W,The First Day of Spring,['Nancy Tucker'],2021,352.0
/works/OL24321551W,All Rhodes Lead Here,['Mariana Zapata'],2021,570.0
/works/OL24711314W,"Pax, Journey Home",['Sara Pennypacker'],2021,256.0
/works/OL24312716W,The Last House on Needless Street,['Catriona Ward'],2021,352.0
/works/OL25914972W,A Touch of Malice,['Scarlett St. Clair'],2021,456.0
/works/OL24486794W,This Thing Between Us,['Gus Moreno'],2021,272.0
/works/OL21229708W,Later,['Stephen King'],2021,286.0
/works/OL23612762W,Any Way the Wind Blows,['Rainbow Rowell'],2021,528.0
/works/OL20905543W,Perfect on Paper,['Sophie Gonzales'],2021,288.0
/works/OL28088016W,That Time I Got Drunk And Saved A Demon,['Kimberly Lemming'],2021,307.0
/works/OL21915364W,Last Night at the Telegraph Club,['Malinda Lo'],2021,436.0
/works/OL24168684W,A Marvellous Light,['Freya Marske'],2021,384.0
/works/OL24407365W,The Betrayed,['Kiera Cass'],2021,304.0
/works/OL21904684W,"Act Your Age, Eve Brown",['Talia Hibbert'],2021,161.0
/works/OL26119638W,Throne of Power,['Rina Kent'],2021,314.0
/works/OL25073147W,Slewfoot,['Brom'],2021,320.0
/works/OL24241476W,Game On,['Janet Evanovich'],2021,312.0
/works/OL24213805W,The Last Shadow,['Orson Scott Card'],2021,288.0
/works/OL24204766W,Quel che affidiamo al vento,['Laura Imai Messina'],2021,416.0
/works/OL26119636W,Red Thorns,['Rina Kent'],2021,304.0
/works/OL22425740W,A Master of Djinn,"['P. Djèlí Clark', 'Rebeca Cardeñoso', 'Sofía Sanz']",2021,448.0
/works/OL28215332W,Soul Fraud,['Andrew Givler'],2021,350.0
/works/OL24184009W,She Who Became the Sun,['Shelley Parker-Chan'],2021,416.0
/works/OL25065067W,La chica de nieve,['Javier Castillo'],2021,512.0
/works/OL24209747W,The Sentence,['Louise Erdrich'],2021,400.0
/works/OL24771649W,Poison for Breakfast,"['Lemony Snicket', 'Margaux Kent']",2021,176.0
/works/OL26200476W,King of Battle and Blood,['Scarlett St. Clair'],2021,400.0
/works/OL25473850W,Shadow in the Ember,['Jennifer L. Armentrout'],2021,608.0
/works/OL25494953W,Consumed by Deception,['Rina Kent'],2021,284.0
/works/OL26511046W,Gangsta Granny Strikes Again!,['David Walliams'],2021,384.0
/works/OL27679307W,The Dare,['Harley Laroux'],2021,150.0
/works/OL21668535W,The Bride Bet,['Tessa Dare'],2021,384.0
/works/OL24723004W,The Charm Offensive,['Alison Cochrun'],2021,368.0
/works/OL24143036W,The Plot,"['Jean Hanff Korelitz', 'Kirby Heyborne', 'Librada Piñero']",2021,304.0
/works/OL35335015W,Do Not Disturb,['Freida McFadden'],2021,288.0
/works/OL24630275W,The Appeal,['Janice Hallett'],2021,448.0
/works/OL24520152W,Love in the Big City,['Sang Young Park'],2021,240.0
/works/OL26119637W,Tempted by Deception,['Rina Kent'],2021,358.0
/works/OL21692057W,Sweetness of Water,['Nathan Harris'],2021,368.0
/works/OL22004671W,Lore,['Alexandra Bracken'],2021,480.0
/works/OL24146688W,The Other Black Girl,['Zakiya Dalila Harris'],2021,368.0
/works/OL21182494W,The President's Daughter,"['James Patterson', 'Bill Clinton', 'Bill Clinton']",2021,528.0
/works/OL20850223W,Winter's Orbit,['Everina Maxwell'],2021,432.0
/works/OL24821659W,A Lesson in Vengeance,['Victoria Lee'],2021,384.0
/works/OL24521130W,Oh William!,"['Elizabeth Strout', 'Núria Busquet Molist']",2021,256.0
/works/OL24151609W,We Were Never Here,['Andrea Bartz'],2021,320.0
/works/OL21076234W,Out of Time,['Elisabetta Dami'],2021,320.0
/works/OL15631967W,Winterkeep,['Kristin Cashore'],2021,528.0
/works/OL31115114W,There Is No Devil,['Sophie Lark'],2021,359.0
/works/OL21984600W,Chain of Iron,['Cassandra Clare'],2021,624.0
/works/OL20884535W,Every Vow You Break,['Peter Swanson'],2021,320.0
/works/OL20834284W,Hummingbird Salamander,['Jeff VanderMeer'],2021,336.0
/works/OL21685708W,We Are Not Like Them,"['Christine Pride', 'Jo Piazza']",2021,336.0
/works/OL24811776W,Saint,['Sierra Simone'],2021,457.0
/works/OL26818616W,Daisy Haites,['Jessa Hastings'],2021,477.0
/works/OL24379061W,Skin of the Sea,['Natasha Bowen'],2021,320.0
/works/OL21799623W,The Love Songs of W.E.B. Du Bois,['Honorée Fanonne Jeffers'],2021,640.0
/works/OL24197713W,The Book of Form and Emptiness,['Ruth L. Ozeki'],2021,560.0
/works/OL24344383W,Devil in Disguise,['Lisa Kleypas'],2021,288.0
/works/OL24538051W,A través de mi ventana,['Ariana Godoy'],2021,414.0
/works/OL21919627W,End of Men,['Christina Sweeney-Baird'],2021,400.0
/works/OL26585185W,The Last Queen,['Chitra Banerjee Divakaruni'],2021,372.0
/works/OL21961736W,How Do You Live?,['Genzaburō Yoshino'],2021,272.0
/works/OL25464162W,Cold Hearted,['Serena Valentino'],2021,296.0
/works/OL24573337W,The Night She Disappeared,['Lisa Jewell'],2021,416.0
/works/OL21178718W,Yolk,['Mary H. K. Choi'],2021,400.0
/works/OL24167486W,Light From Uncommon Stars,['Ryka Aoki'],2021,384.0
/works/OL21995373W,Starfish,['Lisa Fipps'],2021,256.0
/works/OL26119634W,Throne of Vengeance,['Rina Kent'],2021,344.0
/works/OL24288089W,House of Hollow,['Krystal Sutherland'],2021,304.0
/works/OL20873838W,Honey Girl,['Morgan Rogers'],2021,293.0
/works/OL24219135W,A Light in the Mist,['Erin Hunter'],2021,320.0
/works/OL21954364W,Place to Hang the Moon,['Kate Albus'],2021,315.0
/works/OL21746044W,Everyone Knows Your Mother Is a Witch,['Rivka Galchen'],2021,288.0
/works/OL24347979W,The Reading List,['Sara Nisha Adams'],2021,384.0
/works/OL22135542W,Meet Cute Diary,['Emery Lee'],2021,169.0
/works/OL21975302W,Win,['Harlan Coben'],2021,432.0
/works/OL24697326W,Termination Shock,['Neal Stephenson'],2021,714.0
/works/OL24320376W,Blood Like Magic,['Liselle Sambury'],2021,496.0
/works/OL22573034W,Cool for the Summer,['Dahlia Adler'],2021,288.0
/works/OL24151326W,The Jasmine Throne,['Tasha Suri'],2021,512.0
/works/OL24314402W,Matrix,['Lauren Groff'],2021,284.0
/works/OL22001232W,Sweet and Bitter Magic,['Adrienne Tooley'],2021,368.0
/works/OL17714836W,The last wild,['Piers Torday'],2021,322.0
/works/OL24339269W,Such a Quiet Place,['Megan Miranda'],2021,352.0
/works/OL24375262W,Tren Bala,['Kōtarō Isaka'],2021,528.0
/works/OL24625151W,Role Model,['Rachel Reid'],2021,330.0
/works/OL24202784W,The Madness of Crowds,['Louise Penny'],2021,448.0
/works/OL21877215W,Katie the Catsitter,"['Stephanie Yue', 'Colleen AF Venable']",2021,224.0
/works/OL24343862W,Heaven,"['川上未映子', 'Sam Bett', 'David Boyd']",2021,192.0
/works/OL24243669W,Return of the Dragon Slayers,['Brandon Mull'],2021,608.0
/works/OL24211934W,The Red Book,"['James Patterson', 'David Ellis']",2021,400.0
/works/OL24607185W,La plus secrète mémoire des hommes,['Mohamed Mbougar Sarr'],2021,448.0
/works/OL25445170W,Still Life,['Sarah Winman'],2021,456.0
/works/OL1282313W,Ariadne,['Jennifer Saint'],2021,386.0
/works/OL24317910W,Kisses and Croissants,['Anne-Sophie Jouhanneau'],2021,320.0
/works/OL21891232W,Unplugged,['Gordon Korman'],2021,336.0
/works/OL24203918W,Squad,"['Maggie Tokuda-Hall', 'Lisa Sterle']",2021,224.0
/works/OL24320842W,Leopardstar's Honor,['Erin Hunter'],2021,557.0
/works/OL24337933W,For the Wolf,['Hannah Whitten'],2021,448.0
/works/OL21933174W,A Gambling Man,['David Baldacci'],2021,448.0
/works/OL25479122W,Roxy,"['Neal Shusterman', 'Jarrod Shusterman']",2021,384.0
/works/OL24561511W,Blind Tiger,['Sandra Brown'],2021,512.0
/works/OL24764792W,56 Days,['Catherine Ryan Howard'],2021,402.0
/works/OL21984140W,Devil's Hand,['Jack Carr'],2021,416.0
/works/OL24681968W,365 días / 365 Days,['Blanka Lipinska'],2021,384.0
/works/OL23621900W,Life's Too Short,['Abby Jimenez'],2021,384.0
/works/OL24144565W,Intimacies,['Katie M. Kitamura'],2021,240.0
/works/OL24634526W,Three Sisters,['Heather Morris'],2021,400.0
/works/OL24630972W,The Paper Palace,['Miranda Cowley Heller'],2021,456.0
/works/OL20832939W,A Desolation Called Peace,['Arkady Martine'],2021,496.0
/works/OL24212743W,Mrs. March,['Virginia Feito'],2021,328.0
/works/OL22004675W,Last Bookshop in London,['Madeline Martin'],2021,320.0
/works/OL24811392W,Assembly,['Natasha Brown'],2021,112.0
/works/OL21835701W,Twisted Ones,"['Kira Breed-Wrisley', 'Scott Cawthon']",2021,192.0
/works/OL26421931W,Unhinged,['Onley James'],2021,304.0
/works/OL24778081W,Heart of a Monster,['Shain Rose'],2021,392.0
/works/OL21964293W,May the Best Man Win,['Z. R. Ellor'],2021,288.0
/works/OL20893812W,The Russian,"['James Patterson', 'James O. Born']",2021,400.0
/works/OL20906885W,The Heart Principle,['Helen Hoang'],2021,320.0
/works/OL21222632W,Hour of the Witch,['Christopher A. Bohjalian'],2021,411.0
/works/OL24862945W,A Dance with the Fae Prince,['Elise Kova'],2021,374.0
/works/OL23705087W,Heaven’s River,['Dennis E. Taylor'],2021,676.0
/works/OL21866871W,Endling - The Only,['Katherine Applegate'],2021,320.0
/works/OL24803805W,The Island of Missing Trees,['Elif Şafak'],2021,368.0
/works/OL24390469W,Gutter Child,['Jael Richardson'],2021,384.0
/works/OL24169615W,Sooley,['John Grisham'],2021,414.0
/works/OL24397815W,What About Will?,['Ellen Hopkins'],2021,373.0
/works/OL20816854W,We Free the Stars,['Hafsah Faizal'],2021,592.0
/works/OL25589812W,Indigo Ridge,['Devney Perry'],2021,338.0
/works/OL25342542W,Fowl Twins Get What They Deserve,['Eoin Colfer'],2021,340.0
/works/OL24191213W,The Book of Accidents,['Chuck Wendig'],2021,540.0
/works/OL21995333W,Little Thieves,['Margaret Owen'],2021,448.0
/works/OL24208709W,Kingdom of Shadow and Light,['Karen Marie Moning'],2021,552.0
/works/OL25451513W,Act Cool,['Tobly McSmith'],2021,352.0
/works/OL26514686W,Case Study,['Graeme Macrae Burnet'],2021,278.0
/works/OL24197184W,The Women of Troy,['Pat Barker'],2021,383.0
/works/OL21926159W,Counting down with You,['Tashie Bhuiyan'],2021,360.0
/works/OL24315405W,Instructions for Dancing,['Nicola Yoon'],2021,304.0
/works/OL24610011W,We Can't Keep Meeting Like This,['Rachel Lynn Solomon'],2021,324.0
/works/OL27245440W,Things Have Gotten Worse Since We Last Spoke and Other Misfortunes,['Eric LaRocca'],2021,288.0
/works/OL24235084W,Bewilderment,"['Richard Powers', 'Teresa Lanero Ladrón de Guevara']",2021,304.0
/works/OL24340224W,Arsenic and Adobo,['Mia P. Manansala'],2021,336.0
/works/OL24380573W,Several People Are Typing,['Calvin Kasulke'],2021,256.0
/works/OL21127104W,Field Trip Fiasco,"['James Patterson', 'Martin Chatterton']",2021,320.0
/works/OL24513028W,Sunkissed,['Kasie West'],2021,320.0
/works/OL21984888W,Dark and Hollow Star,['Ashley Shuttleworth'],2021,456.0
/works/OL24672577W,While We Were Dating,['Jasmine Guillory'],2021,384.0
/works/OL24218316W,The Missing Sister,['Lucinda Riley'],2021,576.0
/works/OL28399125W,Forever Never,['Lucy Score'],2021,576.0
/works/OL24557479W,The Lucky List,['Rachael Lippincott'],2021,304.0
/works/OL26087109W,And They Found Dragons,"['Ted Dekker', 'Rachelle Dekker']",2021,530.0
/works/OL21904355W,She's Too Pretty to Burn,['Wendy Heard'],2021,336.0
/works/OL23536609W,Defy the Night,['Brigid Kemmerer'],2021,496.0
/works/OL24195205W,The Chosen and the Beautiful,['Nghi Vo'],2021,272.0
/works/OL22589599W,Razorblade Tears,['S. A. Cosby'],2021,336.0
/works/OL26953459W,Garnet Flats,['Devney Perry'],2021,365.0
/works/OL24662687W,The Man Who Died Twice,['Richard Osman'],2021,460.0
/works/OL25450722W,Witch Collector,['Charissa Weaks'],2021,409.0
/works/OL22521656W,Finding Ashley,['Danielle Steel'],2021,320.0
/works/OL21443514W,Sorrowland,['Rivers Solomon'],2021,368.0
/works/OL24398475W,Dark Tarot,['Christine Feehan'],2021,448.0
/works/OL24241888W,The Dictionary of Lost Words,['Pip Williams'],2021,368.0
/works/OL20830787W,Faithless in Death,"['Nora Roberts', 'Susan Ericksen']",2021,416.0
/works/OL23687105W,Afterparties,['Anthony Veasna So'],2021,256.0
/works/OL24151416W,Animal,['Lisa Taddeo'],2021,169.0
/works/OL26201933W,Burn for Me,['Sara Cate'],2021,292.0
/works/OL26662120W,Glint,['Raven Kennedy'],2021,374.0
/works/OL20982231W,Ocean Prey,['John Sandford'],2021,488.0
/works/OL24178246W,Enola Holmes and the Black Barouche,['Nancy Springer'],2021,272.0
/works/OL24582327W,The Kissing Booth #3,['Beth Reekles'],2021,373.0
/works/OL22033758W,Sky Blues,['Robbie Couch'],2021,288.0
/works/OL25034028W,Willodeen,['Katherine Applegate'],2021,246.0
/works/OL20829516W,The Forest of Stolen Girls,['June Hur'],2021,377.0
/works/OL21904516W,Star Wars The High Republic - Into the Dark,"['Claudia Gray', 'Giorgio Baroni', 'Julien Bétan']",2021,448.0
/works/OL25313286W,Moon Touched,['Elizabeth Briggs'],2021,322.0
/works/OL37571490W,バター,['Asako Yuzuki'],2021,458.0
/works/OL25292665W,The Wish,['Nicholas Sparks'],2021,512.0
/works/OL24161999W,The Last Green Valley,['Mark T. Sullivan'],2021,554.0
/works/OL25482778W,薬屋のひとりごと 4,"['日向夏', 'ねこクラゲ', '七緒一綺']",2021,194.0
/works/OL24202775W,Love Is a Revolution,['Renée Watson'],2021,352.0
/works/OL20838225W,Lost in the Never Woods,"['Aiden Thomas', 'Avi Roque']",2021,384.0
/works/OL24316101W,Greenwich Park,['Katherine Faulkner'],2021,384.0
/works/OL24498543W,This Poison Heart,"['Kalynn Bayron', 'Paz Pruneda Gozálvez']",2021,384.0
/works/OL20868276W,Tales from the Hinterland,['Melissa Albert'],2021,240.0
/works/OL22014297W,Fast Ice,"['Clive Cussler', 'Graham Brown']",2021,432.0
/works/OL21961698W,Gearbreakers,['Zoe Hana Mikuta'],2021,416.0
/works/OL24511712W,The Trees,"['Percival L. Everett', 'Javier Calvo', 'Jordi Martín Lloret']",2021,320.0
/works/OL24756073W,The Every,['Dave Eggers'],2021,522.0
/works/OL22001513W,Final Revival of Opal and Nev,['Dawnie Walton'],2021,368.0
/works/OL25301295W,A Ruin Of Roses,['K.F. Breene'],2021,326.0
/works/OL25517461W,Deal with the Devil,"[""Elizabeth O'Roark""]",2021,352.0
/works/OL24198711W,The Girls I've Been,['Tess Sharpe'],2021,362.0
/works/OL20829255W,Of Women and Salt,['Gabriela Garcia'],2021,224.0
/works/OL24798950W,Wat wij zagen,['Hanna Bervoets'],2021,136.0
/works/OL21915320W,Victories Greater Than Death,['Charlie Jane Anders'],2021,300.0
/works/OL21971675W,Mystery of Mrs. Christie,['Marie Benedict'],2021,345.0
/works/OL30913975W,Want to Know a Secret?,['Freida McFadden'],2021,397.0
/works/OL27608059W,The Cliffs (Five Nights at Freddy's,"['Scott Cawthon', 'Elley Cooper', 'Andrea Rains Waggener']",2021,232.0
/works/OL23708593W,Mary Jane,['Jessica Anya Blau'],2021,320.0
/works/OL24145606W,Great Circle,['Maggie Shipstead'],2021,608.0
/works/OL22662650W,Tokyo Ever After,"['Emiko Jean', 'Ali Ahn']",2021,352.0
/works/OL23612891W,The Desolations of Devil's Acre,['Ransom Riggs'],2021,512.0
/works/OL25769650W,The couple at no. 9,"['Claire Douglas', 'Milo Krmpotic']",2021,440.0
/works/OL25332199W,Megamonster,['David Walliams'],2021,384.0
/works/OL24191935W,Rabbits,['Terry Miles'],2021,432.0
/works/OL20840535W,The Library of the Dead,['T. L. Huchu'],2021,336.0
/works/OL21698375W,Bridge of Souls,['V.E. Schwab'],2021,320.0
/works/OL24744269W,The Taking of Jake Livingston,['Ryan Douglass'],2021,256.0
/works/OL22001242W,Charlie Thorne and the Lost City,['Stuart Gibbs'],2021,384.0
/works/OL21933201W,Mirrorland,['Carole Johnstone'],2021,320.0
/works/OL22372492W,Slough House,['Mick Herron'],2021,312.0
/works/OL24512841W,Summer Sons,['Lee Mandelo'],2021,360.0
/works/OL24209539W,The Secret Keeper of Jaipur,['Alka Joshi'],2021,400.0
/works/OL21544475W,When the Stars Go Dark,['Paula McLain'],2021,384.0
/works/OL24229192W,The Lion of Mars,['Jennifer L. Holm'],2021,272.0
/works/OL21964323W,2034,"['Elliot Ackerman', 'James Stavridis']",2021,234.0
/works/OL24209596W,State of Terror,['Hillary Rodham Clinton'],2021,512.0
/works/OL21910832W,Rescue,['Jennifer A. Nielsen'],2021,400.0
/works/OL21910831W,Good As Gold (Whatever After #14),['Sarah Mlynowski'],2021,176.0
/works/OL27139620W,Melt for Us,['Molly Doyle'],2021,108.0
/works/OL24242589W,Wild Sign,['Patricia Briggs'],2021,368.0
/works/OL24649582W,Never Saw Me Coming,['Vera Kurian'],2021,400.0
/works/OL24210325W,Forgotten in Death,['Nora Roberts'],2021,384.0
/works/OL24339073W,While Justice Sleeps,['Stacey Abrams'],2021,384.0
/works/OL37504494W,Daindreth's Assassin (Daindreth's Asassin #1),['Elisabeth Wheatley'],2021,281.0
/works/OL24794057W,The Game Master,"['Rebecca Zamolo', 'Matt Slays']",2021,176.0
/works/OL25608264W,To Bleed a Crystal Bloom,['Sarah A. Parker'],2021,524.0
/works/OL24205382W,Hostage,['Clare Mackintosh'],2021,400.0
/works/OL24195230W,The Maze,['Nelson DeMille'],2021,432.0
/works/OL27207548W,Cruel Princes,['Jillian Frost'],2021,428.0
/works/OL21936977W,Last Bear,['Hannah Gold'],2021,280.0
/works/OL24146685W,Terminal Boredom,['Izumi Suzuki'],2021,224.0
/works/OL23614481W,Fake Accounts,['Lauren Oyler'],2021,272.0
/works/OL24589718W,Other Black Girl,['Zakiya Dalila Harris'],2021,368.0
/works/OL21163827W,Game Changer,['Neal Shusterman'],2021,400.0
/works/OL24349917W,Autopsy,['Patricia Cornwell'],2021,400.0
/works/OL21918865W,After the Billionaire's Wedding Vows...,['Lucy Monroe'],2021,224.0
/works/OL21697835W,A Vow So Bold and Deadly,['Brigid Kemmerer'],2021,416.0
/works/OL24366385W,Mercy,['David Baldacci'],2021,432.0
/works/OL24133921W,Golden Girl,['Elin Hilderbrand'],2021,408.0
/works/OL24375655W,The Wisdom of Crowds,['Joe Abercrombie'],2021,528.0
/works/OL24850376W,The Storm of Echoes,['Christelle Dabos'],2021,536.0
/works/OL24166595W,Hell of a Book,['Jason Mott'],2021,450.0
/works/OL21893144W,Root Magic,['Eden Royce'],2021,336.0
/works/OL24445798W,"Where They Burn Books, They Also Burn People",['Marcos Antonio Hernandez'],2021,503.0
/works/OL20926156W,The Butterfly House,['Katrine Engberg'],2021,352.0
/works/OL25314368W,Across the Desert,['Dusti Bowling'],2021,320.0
/works/OL24145186W,Gilded,['Marissa Meyer'],2021,500.0
/works/OL24557384W,Misfit in Love,['S. K. Ali'],2021,320.0
/works/OL24764083W,The Promise,['Damon Galgut'],2021,289.0
/works/OL24317843W,Twice Shy,['Sarah Hogle'],2021,320.0
/works/OL24064714W,Neighbors,['Danielle Steel'],2021,288.0
/works/OL21711178W,Dark Sky,['C. J. Box'],2021,384.0
/works/OL23554945W,Velvet Was the Night,['Silvia Moreno-Garcia'],2021,312.0
/works/OL21967823W,Alone,['Megan E. Freeman'],2021,404.0
/works/OL25277537W,Checkout 19,['Claire-Louise Bennett'],2021,288.0
/works/OL24211939W,The Shadow,"['James Patterson', 'Brian Sitts']",2021,400.0
/works/OL24445598W,We Are the Brennans,['Tracey Lange'],2021,288.0
/works/OL25027051W,The Jailhouse Lawyer,"['James Patterson', 'Nancy Allen']",2021,576.0
/works/OL24341047W,The Manningtree Witches,['A. K. Blakemore'],2021,308.0
/works/OL20832206W,Remote Control,['Nnedi Okorafor'],2021,160.0
/works/OL24166470W,A Bright Ray of Darkness,['Ethan Hawke'],2021,256.0
/works/OL24833813W,Honest June,"['Tina Wells', 'Brittney Bond']",2021,274.0
/works/OL24475478W,The Other Side of Perfect,['Mariko Turk'],2021,169.0
/works/OL25173873W,Our Country Friends,['Gary Shteyngart'],2021,336.0
/works/OL21918904W,Initial Insult,['Mindy McGinnis'],2021,384.0
/works/OL24321221W,Dawn Raid,"['Pauline Vaeluaga Smith', 'Mat Hunkin']",2021,221.0
/works/OL24466357W,The Shattered Castle,['Jennifer A. Nielsen'],2021,368.0
/works/OL21902713W,Sparks Like Stars,['Nadia Hashimi'],2021,304.0
/works/OL24312953W,The Anti-Relationship Year,"['Katie Wismer', 'Katie Wismer']",2021,292.0
/works/OL21909278W,Consequences of Fear,['Jacqueline Winspear'],2021,352.0
/works/OL25451322W,The Nature of Middle-Earth,['J.R.R. Tolkien'],2021,504.0
/works/OL22017406W,Golden Gate,['James Ponti'],2021,328.0
/works/OL24335528W,Sooley,['John Grisham'],2021,368.0
/works/OL24317579W,The Beatryce Prophecy,['Kate DiCamillo'],2021,256.0
/works/OL20847305W,Reckless Road,['Christine Feehan'],2021,480.0
/works/OL25450387W,Quinn,['Iris Johansen'],2021,416.0
/works/OL24205303W,Dead or Alive,['Derek Landy'],2021,608.0
/works/OL24244461W,Of Blood And Fire,['Ryan Cahill'],2021,494.0
/works/OL21040575W,The Committed,['Viet Thanh Nguyen'],2021,384.0
/works/OL25069024W,Apples Never Fall,['Liane Moriarty'],2021,462.0
/works/OL22001274W,Bounty,"['Janet Evanovich', 'Steve Hamilton']",2021,360.0
/works/OL21679977W,Talking to Alaska,"['Anna Woltz', 'Laura Watkinson']",2021,192.0
/works/OL24168279W,The Death of Jane Lawrence,['Caitlin Starling'],2021,352.0
/works/OL27731523W,40 Short Stories -- Sixth Edition,"['Beverly Lawn', 'Joanne Diaz', 'Nathaniel Hawthorne', 'Edgar Allan Poe', 'Ambrose Bierce', 'Kate Chopin', 'Антон Павлович Чехов', 'James Joyce', 'William Faulkner', 'Gabriel García Márquez', 'Margaret Atwood', 'Alice Walker', 'Chimamanda Ngozi Adichie']",2021,470.0
/works/OL20914877W,The Lost Boys,['Faye Kellerman'],2021,368.0
/works/OL25908939W,Huda F Are You?,['Huda Fahmy'],2021,192.0
/works/OL24641778W,Shadows on the Mountain,['Erin Hunter'],2021,284.0
/works/OL22847270W,Sunflower Sisters,['Martha Hall Kelly'],2021,528.0
/works/OL23617008W,Near the Bone,['Christina Henry'],2021,351.0
/works/OL24603084W,Daughter of Sparta,['Claire Andrews'],2021,375.0
/works/OL20844613W,Down Comes the Night,['Allison Saft'],2021,400.0
/works/OL25662207W,Tristan Strong Keeps Punching,['Kwame Mbalia'],2021,411.0
/works/OL24406830W,Daughters of Sparta,['Claire Heywood'],2021,384.0
/works/OL21904515W,Star Wars The High Republic - A Test of Courage,"['Justina Ireland', 'Petur Antonsson']",2021,240.0
/works/OL22033766W,Last Garden in England,['Julia Kelly'],2021,368.0
/works/OL21932910W,Augmented Reality,['Victor Appleton'],2021,144.0
/works/OL24137506W,Legacy,['Nora Roberts'],2021,448.0
/works/OL24229352W,Once Upon a Time in Hollywood,['Quentin Tarantino'],2021,312.0
/works/OL22027918W,(Me) Moth,['Amber McBride'],2021,256.0
/works/OL21950536W,The Last Thing to Burn,['Will Dean'],2021,208.0
/works/OL21688192W,The Cost of Knowing,['Brittney Morris'],2021,352.0
/works/OL24521749W,Silent Parade,['Keigo Higashino'],2021,352.0
/works/OL21937083W,Affair,['Danielle Steel'],2021,400.0
/works/OL24592740W,The Sun Will Come Out,['Joanne Levy'],2021,296.0
/works/OL21906023W,Then There Was You,['Mona Shroff'],2021,368.0
/works/OL21876846W,Notorious,['Diana Palmer'],2021,383.0
/works/OL24397765W,Luck of the Titanic,['Stacey Lee'],2021,384.0
/works/OL24520482W,Something New Under the Sun,['Alexandra Kleeman'],2021,368.0
/works/OL24630340W,Fear No Evil,['James Patterson'],2021,400.0
/works/OL22049387W,Flamefall,['Rosaria Munda'],2021,336.0
/works/OL24349024W,Bombshell,['Sarah MacLean'],2021,288.0
/works/OL24861375W,The Christmas Wedding Guest,['Susan Mallery'],2021,416.0
/works/OL20899943W,Who is Maud Dixon?,['Alexandra Andrews'],2021,330.0
/works/OL24152364W,The Traitor's Blade,['Kevin Sands'],2021,384.0
/works/OL21910049W,Court of Swans,['Melanie Dickerson'],2021,336.0
/works/OL24162003W,That Summer,['Jodi Picocell'],2021,432.0
/works/OL21890779W,Happily Ever Afters,['Elise Bryant'],2021,384.0
/works/OL24346272W,That Weekend,['Kara Thomas'],2021,336.0
/works/OL25444643W,Violets Are Blue,['Barbara Dee'],2021,304.0
/works/OL24231883W,Falling,['T. J. Newman'],2021,304.0
/works/OL24514879W,The Golden Hour,['Niki Smith'],2021,256.0
/works/OL24415205W,An Emotion of Great Delight,['Tahereh Mafi'],2021,264.0
/works/OL24139173W,The Kitchen Front,['Jennifer Ryan'],2021,416.0
/works/OL24337615W,The Warlord,"['Gena Showalter,']",2021,368.0
/works/OL24632662W,The Santa Suit,['Mary Kay Andrews'],2021,224.0
/works/OL24417125W,Beasts of Prey,"['Ayana Gray', 'Victoria Simó Perales']",2021,496.0
/works/OL21912156W,How We Fall Apart,['Katie Zhao'],2021,352.0
/works/OL26910125W,Savage Hearts,['J. T. Geissinger'],2021,400.0
/works/OL24141000W,Where the Grass Is Green and the Girls Are Pretty,['Lauren Weisberger'],2021,376.0
/works/OL21709787W,As Far As You'll Take Me,['Phil Stamper'],2021,352.0
/works/OL22427505W,The Decagon House Murders,"['Yukito Ayatsuji', 'Hong-Li Wong']",2021,224.0
/works/OL25610885W,Cursed Kiss,['Jenny Hickman'],2021,384.0
/works/OL21706440W,Wilde Child,['Eloisa James'],2021,384.0
/works/OL24315898W,Relentless,['Mark Greaney'],2021,528.0
/works/OL24230853W,Gods & Monsters,['Shelby Mahurin'],2021,624.0
/works/OL24208806W,The Family Plot,['Megan Collins'],2021,320.0
/works/OL21914114W,Outlawed,['Anna North'],2021,272.0
/works/OL24510302W,Creatures of the Flood,['Erin Hunter'],2021,256.0
/works/OL24211963W,The Becoming,['Nora Roberts'],2021,464.0
/works/OL21220512W,Skeleton Key,['Piers Anthony'],2021,310.0
/works/OL22779959W,Dark Roads,['Chevy Stevens'],2021,384.0
/works/OL24726424W,Steelstriker,['Marie Lu'],2021,416.0
/works/OL24695862W,The Bone Code,['Kathy Reichs'],2021,368.0
/works/OL24211955W,Complications,['Danielle Steel'],2021,296.0
/works/OL22046318W,Tree in Me,['Corinna Luyken'],2021,53.0
/works/OL24791143W,The Witch Haven,['Sasha Peyton Smith'],2021,448.0
/works/OL25452414W,As If on Cue,['Marisa Kanter'],2021,400.0
/works/OL20830802W,The Project,['Courtney Summers'],2021,320.0
/works/OL24211830W,Witches Steeped in Gold,['Ciannon Smart'],2021,560.0
/works/OL21666441W,Boy Who Made Everyone Laugh,['Helen Rutter'],2021,308.0
/works/OL28744393W,King of Wrath,['Ana Huang'],2022,456.0
/works/OL27729743W,The Housemaid,['Freida McFadden'],2022,336.0
/works/OL27733867W,It Starts with Us,['Colleen Hoover'],2022,352.0
/works/OL27818823W,Twisted Lies,['Ana Huang'],2022,616.0
/works/OL26443093W,Babel,['R. F. Kuang'],2022,569.0
/works/OL26004554W,"Tomorrow, and Tomorrow, and Tomorrow",['Gabrielle Zevin'],2022,460.0
/works/OL26348345W,Stellarlune,['Shannon Messenger'],2022,732.0
/works/OL27245843W,Twisted Hate,['Ana Huang'],2022,576.0
/works/OL28695130W,I Fell in Love with Hope,['Lancali'],2022,416.0
/works/OL26955716W,Things We Never Got Over,['Lucy Score'],2022,500.0
/works/OL34224558W,Never Lie,['Freida McFadden'],2022,328.0
/works/OL29195444W,Corrupted Chaos,['Shain Rose'],2022,372.0
/works/OL21101115W,House of Sky and Breath,['Sarah J. Maas'],2022,801.0
/works/OL27090610W,The Ballad of Never After,['Stephanie Garber'],2022,416.0
/works/OL29046643W,The Wrong Bride,['Catharina Maura'],2022,418.0
/works/OL27092839W,As Long As the Lemon Trees Grow,['Zoulfa Katouh'],2022,417.0
/works/OL28181491W,God of Malice,['Rina Kent'],2022,468.0
/works/OL29189552W,Silent Vows,['Jill Ramsower'],2022,348.0
/works/OL26769924W,The Lost Metal,['Brandon Sanderson'],2022,528.0
/works/OL25960185W,Every Summer After,['Carley Fortune'],2022,320.0
/works/OL25960186W,Set on You,['Amy Lea'],2022,384.0
/works/OL27678542W,Terms and Conditions,['Lauren Asher'],2022,493.0
/works/OL27052926W,Demon Copperhead,['Barbara Kingsolver'],2022,560.0
/works/OL26515194W,The Final Gambit,['Jennifer Lynn Barnes'],2022,400.0
/works/OL26426935W,Nona the Ninth,['Tamsyn Muir'],2022,480.0
/works/OL31191485W,The Inmate,['Freida McFadden'],2022,344.0
/works/OL27591348W,Legends & Lattes,['Travis Baldree'],2022,316.0
/works/OL24337701W,The Kaiju Preservation Society,['John Scalzi'],2022,296.0
/works/OL27850288W,Before I Let Go,['Kennedy Ryan'],2022,400.0
/works/OL25808023W,Lapvona,['Ottessa Moshfegh'],2022,320.0
/works/OL26672478W,Upgrade,['Blake Crouch'],2022,341.0
/works/OL24592608W,A Flicker in the Dark,['Stacy Willingham'],2022,368.0
/works/OL27305925W,Carrie Soto Is Back,['Taylor Jenkins Reid'],2022,392.0
/works/OL28852929W,Flawless,['Elsie Silver'],2022,427.0
/works/OL26602235W,Belladonna,['Adalyn Grace'],2022,400.0
/works/OL28520883W,The Serpent & the Wings of Night,['Carissa Broadbent'],2022,502.0
/works/OL25382083W,Remarkably Bright Creatures,['Shelby Van Pelt'],2022,368.0
/works/OL24801992W,Book Lovers,['Emily Henry'],2022,408.0
/works/OL28018696W,Children of Memory,['Adrian Tchaikovsky'],2022,458.0
/works/OL27589863W,Fairy Tale,['Stephen King'],2022,762.0
/works/OL26519506W,Daisy Darker,['Alice Feeney'],2022,352.0
/works/OL26770888W,The American Roommate Experiment,['Elena Armas'],2022,201.0
/works/OL27121628W,No Plan B,"['Lee Child', 'Andrew Grant']",2022,384.0
/works/OL25957460W,Grandmaster of Demonic Cultivation,['Mo Xiang Tong Xiu'],2022,416.0
/works/OL25344431W,Lessons in Chemistry,['Bonnie Garmus'],2022,464.0
/works/OL27245840W,Scarred,['Emily McIntire'],2022,416.0
/works/OL25334558W,Tomorrow I Become a Woman,['Aiwanose Odafen'],2022,416.0
/works/OL24701020W,The War of Two Queens,['Jennifer L. Armentrout'],2022,570.0
/works/OL27524355W,If You Could See the Sun,['Ann Liang'],2022,352.0
/works/OL25920588W,The Candy House,['Jennifer Egan'],2022,352.0
/works/OL24738819W,The Flames of Hope,['Tui T. Sutherland'],2022,333.0
/works/OL24546118W,Mickey7,['Edward Ashton'],2022,320.0
/works/OL27409883W,Our Missing Hearts,"['Celeste Ng', 'Celeste Ng', 'Laura Vidal Sanz']",2022,364.0
/works/OL27730094W,A Light in the Flame,['Jennifer L. Armentrout'],2022,652.0
/works/OL25337698W,Hidden Pictures,['Jason Rekulak'],2022,408.0
/works/OL24850157W,What Moves the Dead,['T. Kingfisher'],2022,170.0
/works/OL24778640W,This Woven Kingdom,['Tahereh Mafi'],2022,505.0
/works/OL25345147W,Young Mungo,['Douglas Stuart'],2022,424.0
/works/OL27139936W,Spy School Project X,['Stuart Gibbs'],2022,384.0
/works/OL27731687W,Eyes on Me,['Sara Cate'],2022,340.0
/works/OL25916696W,Trust,['Hernán Díaz'],2022,416.0
/works/OL27558010W,Chain Gang All Stars,['Nana Kwame Adjei-Brenyah'],2022,384.0
/works/OL28172150W,Give Me More,['Sara Cate'],2022,346.0
/works/OL26907480W,Empire of Sin,['Rina Kent'],2022,357.0
/works/OL24730763W,Amari and the Great Game,['B. B. Alston'],2022,412.0
/works/OL28436821W,Bittersweet Memories,['Catharina Maura'],2022,440.0
/works/OL35345999W,The Never King,['Nikki St. Crowe'],2022,192.0
/works/OL29258770W,Fairydale,['Veronica Lancet'],2022,724.0
/works/OL25958054W,The Book Eaters,['Sunyi Dean'],2022,304.0
/works/OL27816355W,The seven moons of Maali Almeida,['Shehan Karunatilaka'],2022,400.0
/works/OL26663822W,The Book of Azrael,['Amber Nicole'],2022,468.0
/works/OL25347480W,Honey and Spice,['Bolu Babalola'],2022,384.0
/works/OL28899912W,Brutal Obsession,['S. Massery'],2022,598.0
/works/OL25453693W,Just Like Home,['Sarah Gailey'],2022,328.0
/works/OL28579433W,Empire of Lust,['Rina Kent'],2022,377.0
/works/OL27172785W,Mountain in the Sea,['Ray Nayler'],2022,464.0
/works/OL25960179W,The Hacienda,['Isabel Cañas'],2022,315.0
/works/OL27675299W,Lightlark,['Alex Aster'],2022,432.0
/works/OL25809537W,House Across the Lake,['Riley Sager'],2022,384.0
/works/OL27493395W,Almost There,['Farrah Rochon'],2022,160.0
/works/OL25553256W,Juniper Hill,['Devney Perry'],2022,362.0
/works/OL37529657W,薬屋のひとりごと 4,"['日向夏', 'しのとうこ']",2022,336.0
/works/OL25958058W,The Bodyguard,['Katherine Center'],2022,336.0
/works/OL25452403W,A Magic Steeped in Poison,['Judy I. Lin'],2022,384.0
/works/OL36127439W,Nightbane,['Alex Aster'],2022,428.0
/works/OL25516127W,Nightcrawling,['Leila Mottley'],2022,288.0
/works/OL28150194W,Psycho Fae,['Jasmine Mas'],2022,432.0
/works/OL26602210W,Hotel Nantucket,['Elin Hilderbrand'],2022,440.0
/works/OL25814762W,All Good People Here,['Ashley Flowers'],2022,336.0
/works/OL27138998W,Overkill,['Sandra Brown'],2022,448.0
/works/OL26666164W,How to Sell a Haunted House,['Grady Hendrix'],2022,413.0
/works/OL25340338W,Wrong Place Wrong Time,['Gillian McAllister'],2022,416.0
/works/OL24790867W,Gwendy's Final Task,"['Stephen King', 'Richard Chizmar', 'R. Chizmar']",2022,408.0
/works/OL32500760W,Heartless Heathens,['Santana Knox'],2022,320.0
/works/OL25324252W,"Yinka, Where Is Your Huzband?",['Lizzie Damilola Blackburn'],2022,384.0
/works/OL28852218W,Can't Spell Treason Without Tea,['Rebecca Thorne'],2022,352.0
/works/OL26428114W,Star Wars - Brotherhood,['Mike Chen'],2022,360.0
/works/OL31088557W,A Dawn of Onyx,['Kate Golden'],2022,400.0
/works/OL24766943W,Black Cake,['Charmaine Wilkerson'],2022,408.0
/works/OL25988707W,"Hook, Line, and Sinker",['Tessa Bailey'],2022,400.0
/works/OL26604488W,Look Closer,['David Ellis'],2022,496.0
/works/OL26431106W,The Golden Enclaves,['Naomi Novik'],2022,379.0
/works/OL25323647W,Our Wives Under the Sea,['Julia Armfield'],2022,224.0
/works/OL29232835W,God of Wrath,['Rina Kent'],2022,498.0
/works/OL26522374W,Diary of a Void,"['Emi Yagi', 'Lucy North', 'David Boyd']",2022,213.0
/works/OL38056656W,The Hidden Hindu 2,['Akshat Gupta'],2022,250.0
/works/OL28412518W,Maze Cutter,['James Dashner'],2022,285.0
/works/OL24836438W,To Paradise,['Hanya Yanagihara'],2022,752.0
/works/OL24492424W,Violeta,['Isabel Allende'],2022,371.0
/works/OL27021614W,Killers of a Certain Age,['Deanna Raybourn'],2022,360.0
/works/OL27811644W,Glow,['Raven Kennedy'],2022,703.0
/works/OL25455082W,The Match,['Harlan Coben'],2022,441.0
/works/OL25922989W,Aru Shah and the Nectar of Immortality,['Roshani Chokshi'],2022,400.0
/works/OL26909900W,Family of Liars,['E. Lockhart'],2022,320.0
/works/OL24865656W,Part of Your World,['Abby Jimenez'],2022,400.0
/works/OL24510090W,Nettle & Bone,['T. Kingfisher'],2022,320.0
/works/OL26435208W,Sky,['Erin Hunter'],2022,352.0
/works/OL26085843W,The Long Game,['Rachel Reid'],2022,448.0
/works/OL24465533W,How High We Go in the Dark,['Sequoia Nagamatsu'],2022,304.0
/works/OL27302185W,Long Shadows,['David Baldacci'],2022,448.0
/works/OL24802404W,Only a Monster,['Vanessa Len'],2022,416.0
/works/OL26433082W,The It Girl,['Ruth Ware'],2022,352.0
/works/OL25348411W,Star Wars The High Republic - The Fallen Star,['Claudia Gray'],2022,352.0
/works/OL27847855W,We All Want Impossible Things,['Catherine Newman'],2022,217.0
/works/OL28442228W,Fear the Flames,['Olivia Rose Darling'],2022,384.0
/works/OL27090740W,Heart of the Sun Warrior,['Sue Lynn Tan'],2022,480.0
/works/OL26519094W,This Time Tomorrow,['Emma Straub'],2022,336.0
/works/OL25337988W,The Stardust Thief,['Chelsea Abdullah'],2022,400.0
/works/OL28772489W,Promises We Meant to Keep,['Monica Murphy'],2022,422.0
/works/OL28914536W,Mercy,['Sara Cate'],2022,402.0
/works/OL30170471W,Tis the Season for Revenge,['Morgan Elizabeth'],2022,304.0
/works/OL27302186W,Livid,['Patricia Cornwell'],2022,480.0
/works/OL25919194W,Disorientation,['Elaine Hsieh Chou'],2022,416.0
/works/OL25338021W,Notes on an Execution,['Danya Kukafka'],2022,272.0
/works/OL27303435W,The Marriage Portrait,"[""Maggie O'Farrell""]",2022,352.0
/works/OL25904440W,The Spear Cuts Through Water,['Simon Jimenez'],2022,535.0
/works/OL24576090W,All My Rage,['Sabaa Tahir'],2022,384.0
/works/OL28766216W,The Primal Hunter,['Zogarth'],2022,714.0
/works/OL27953223W,Last on the List,['Amy Daws'],2022,336.0
/works/OL26660802W,The Last to Vanish,['Megan Miranda'],2022,463.0
/works/OL25471394W,School for Good Mothers,['Jessamine Chan'],2022,336.0
/works/OL37914515W,Under One Roof,['Ali Hazelwood'],2022,164.0
/works/OL18556078W,Zachary Ying and the Dragon Emperor,['Xiran Jay Zhao'],2022,346.0
/works/OL25485716W,The Book of Cold Cases,['Simone St. James'],2022,360.0
/works/OL27278191W,The Winners,['Fredrik Backman'],2022,448.0
/works/OL25342555W,The Measure,['Nikki Erlick'],2022,480.0
/works/OL24520007W,Pure Colour,['Sheila Heti'],2022,224.0
/works/OL25454686W,The Violin Conspiracy,['Brendan Slocumb'],2022,352.0
/works/OL34062538W,Filthy Rich Vampires,['Geneva Lee'],2022,402.0
/works/OL27052927W,Heat 2,"['Michael Mann', 'Meg Gardiner']",2022,512.0
/works/OL25337890W,One Italian Summer,['Rebecca Serle'],2022,272.0
/works/OL24783202W,Gallant,['V.E. Schwab'],2022,351.0
/works/OL27411855W,Foul Lady Fortune,['Chloe Gong'],2022,528.0
/works/OL27296536W,The Confidence of Wildflowers,['Micalea Smeltzer'],2022,436.0
/works/OL26763814W,Book of Goose,"['Yiyun Li', 'Yiyun Li']",2022,368.0
/works/OL27967501W,So Not Meant To Be,['Meghan Quinn'],2022,540.0
/works/OL28411723W,Arrows and Apologies,['Sav R. Miller'],2022,320.0
/works/OL25390181W,Dream Town,['David Baldacci'],2022,432.0
/works/OL27271427W,Secluded Cabin Sleeps Six,['Lisa Unger'],2022,400.0
/works/OL25922938W,Kaikeyi,['Vaishnavi Patel'],2022,217.0
/works/OL25808022W,Either/or,['Elif Batuman'],2022,360.0
/works/OL27895196W,Brutal Vows,['J. T. Geissinger'],2022,400.0
/works/OL24811410W,"Run, Rose, Run","['James Patterson', 'Dolly Parton', 'Ana Belén Fletes Valera']",2022,448.0
/works/OL26037933W,The Lies I Tell,['Julie Clark'],2022,378.0
/works/OL27732615W,Lucy by the Sea,"['Elizabeth Strout', 'Núria Busquet Molist']",2022,288.0
/works/OL27294003W,Bunnicula The Graphic Novel,"['James Howe', 'Andrew Donkin', 'Stephen Gilpin']",2022,128.0
/works/OL25455046W,True Biz,['Sara Novic'],2022,408.0
/works/OL24374113W,Recitatif,['Toni Morrison'],2022,80.0
/works/OL27525934W,Defiant Heart,['Brighton Walsh'],2022,276.0
/works/OL27960737W,You've Lost a Lot of Blood,['Eric LaRocca'],2022,236.0
/works/OL25460336W,The Overnight Guest,['Heather Gudenkauf'],2022,352.0
/works/OL24703709W,Electric Idol,"['Katee Robert', 'Alex Moorcock', 'Zara Hampton-Brown']",2022,240.0
/works/OL27814116W,Perfect Assassin,"['James Patterson', 'Brian Sitts']",2022,384.0
/works/OL26764062W,Astrid Parker Doesn't Fail,['Ashley Herring Blake'],2022,368.0
/works/OL27090927W,City of Last Chances,['Adrian Tchaikovsky'],2022,496.0
/works/OL25448287W,Vladimir,['Julia May Jonas'],2022,256.0
/works/OL26594119W,The Agathas,"['Kathleen Glasgow', 'Liz Lawson']",2022,424.0
/works/OL26672443W,Daughter of Doctor Moreau,['Silvia Moreno-Garcia'],2022,336.0
/works/OL26831331W,The 6:20 Man,['David Baldacci'],2022,528.0
/works/OL25520629W,Woman of Light,['Kali Fajardo-Anstine'],2022,336.0
/works/OL27966102W,Le mage du Kremlin,['Giuliano Da Empoli'],2022,302.0
/works/OL26587827W,How to Be Eaten,['Maria Adelmann'],2022,336.0
/works/OL27207958W,Kiss Curse,['Erin Sterling'],2022,320.0
/works/OL27490503W,King of Flesh and Bone,['Liv Zander'],2022,259.0
/works/OL27736362W,All The Little Things,['Rachel Leigh'],2022,322.0
/works/OL26522636W,Some Desperate Glory,['Emily Tesh'],2022,464.0
/works/OL25911880W,Katie the Catsitter Book 2,"['Colleen AF Venable', 'Stephanie Yue']",2022,224.0
/works/OL24608713W,Book of Night,['Holly Black'],2022,400.0
/works/OL24421067W,Abandoned in Death,['Nora Roberts'],2022,352.0
/works/OL27687387W,Ashes of Man,['Christopher Ruocchio'],2022,541.0
/works/OL24682968W,The Golden Couple,"['Greer Hendricks', 'Sarah Pekkanen']",2022,328.0
/works/OL26353967W,Light Bringer,['Pierce Brown'],2022,682.0
/works/OL27310313W,Oath of Loyalty,"['Vince Flynn', 'Kyle Mills']",2022,376.0
/works/OL24529907W,Four Treasures of the Sky,['Jenny Tinghui Zhang'],2022,336.0
/works/OL26511392W,Shattered,"['James Patterson', 'James O. Born']",2022,400.0
/works/OL26626874W,North Wind,['Alexandria Warwick'],2022,598.0
/works/OL31342750W,The Frat Boy,['Nikki Sloane'],2022,392.0
/works/OL27030914W,Righteous Prey,"['John Sandford', 'John Sandford', 'Richard Ferrone']",2022,416.0
/works/OL25491386W,The Woman in the Library,['Sulari Gentill'],2022,272.0
/works/OL26084239W,The Last White Man,['Mohsin Hamid'],2022,160.0
/works/OL27172767W,Other Birds,['Sarah Addison Allen'],2022,320.0
/works/OL24777933W,Dead Silence,['S.A. Barnes'],2022,352.0
/works/OL28862841W,First Down,['Grace Reilly'],2022,384.0
/works/OL34058365W,Heartless (Special Edition),['Elsie Silver'],2022,432.0
/works/OL25591992W,One of Us Is Dead,['Jeneva Rose'],2022,342.0
/works/OL27967747W,The Boys from Biloxi,['John Grisham'],2022,432.0
/works/OL25312381W,Finlay Donovan Knocks 'Em Dead,['Elle Cosimano'],2022,368.0
/works/OL28704526W,Sold As the Alpha King's Breeder,['Alice Knightsky'],2022,288.0
/works/OL26005665W,Duel with the Vampire Lord,['Elise Kova'],2022,444.0
/works/OL24563314W,The Christie Affair,['Nina de Gramont'],2022,320.0
/works/OL27640543W,Bliss Montage,['Ling Ma'],2022,240.0
/works/OL27525065W,Motherthing,['Ainslie Hogarth'],2022,288.0
/works/OL25924136W,We Do What We Do in the Dark,['Michelle Hart'],2022,224.0
/works/OL24739272W,Wahala,['Nikki May'],2022,384.0
/works/OL25479037W,My Annihilation,"['Fuminori Nakamura', 'Sam Bett']",2022,276.0
/works/OL24618883W,Soul Taken,['Patricia Briggs'],2022,352.0
/works/OL25529277W,Last Mapmaker,['Christina Soontornvat'],2022,368.0
/works/OL28426668W,Withered Rose,['Valicity Elaine'],2022,366.0
/works/OL26908971W,Blade Breaker,['Victoria Aveyard'],2022,595.0
/works/OL24493833W,Reckless Girls,['Rachel Hawkins'],2022,320.0
/works/OL28798126W,When Gracie Met The Grump,['Mariana Zapata'],2022,570.0
/works/OL24732105W,Time Is a Mother,['Ocean Vuong'],2022,88.0
/works/OL25905092W,A Guide to the Dragon World,['Tui T. Sutherland'],2022,229.0
/works/OL25337967W,Horse,['Geraldine Brooks'],2022,352.0
/works/OL25336748W,Olga Dies Dreaming,['Xochitl Gonzalez'],2022,384.0
/works/OL26429196W,The Weight of Blood,['Tiffany D Jackson'],2022,400.0
/works/OL27970893W,Because I Need You,['Claire Contreras'],2022,330.0
/works/OL26084244W,The Dead Romantics,['Ashley Poston'],2022,357.0
/works/OL25804997W,All This Could Be Different,['Sarah Thankam Mathews'],2022,320.0
/works/OL31205133W,Spy X Family,['Tatsuya Endo'],2022,208.0
/works/OL28022045W,The Cloisters,['Katy Hays'],2022,320.0
/works/OL158412W,Athena the brain,['David Campiti'],2022,192.0
/works/OL27937830W,The Dark One,['Nikki St. Crowe'],2022,227.0
/works/OL28438140W,Little Pinprick,['Paige Dearth'],2022,451.0
/works/OL26770220W,Twist of a Knife,"['Anthony Horowitz', 'Rory Kinnear']",2022,384.0
/works/OL27798201W,Triple Cross,['James Patterson'],2022,416.0
/works/OL24415911W,Akata Woman,['Nnedi Okorafor'],2022,408.0
/works/OL25347855W,22 Seconds,"['James Patterson', 'Maxine Paetro']",2022,400.0
/works/OL26428951W,El Libro Negro de las Horas,['Eva García Sáenz de Urturi'],2022,384.0
/works/OL24790116W,Devil House,['John Darnielle'],2022,416.0
/works/OL29329738W,Le Grand Monde,['Pierre Lemaitre'],2022,586.0
/works/OL26589642W,Omar Rising,['Aisha Saeed'],2022,216.0
/works/OL27561100W,Tutoring the Player,['Rebecca Jenshak'],2022,281.0
/works/OL27172793W,Dr. No,['Percival L. Everett'],2022,280.0
/works/OL27032405W,Carnage Island,"['Lexi C. Foss', 'Wander Aguiar']",2022,398.0
/works/OL25448275W,The Children on the Hill,['Jennifer McMahon'],2022,352.0
/works/OL29216693W,Untying the Knot,['Meghan Quinn'],2022,493.0
/works/OL27088804W,Blowback,"['James Patterson', 'Brendan DuBois']",2022,400.0
/works/OL25473339W,Illuminations,['Alan Moore'],2022,392.0
/works/OL27774083W,Queen of Myth and Monsters,['Scarlett St. Clair'],2022,384.0
/works/OL25771954W,Honor,['Thrity N. Umrigar'],2022,336.0
/works/OL27296733W,Going Rogue,['Janet Evanovich'],2022,328.0
/works/OL26932013W,Life Ceremony,"['村田沙耶香', 'Ginny Tapley Takemori']",2022,256.0
/works/OL25910929W,An Arrow to the Moon,['Emily X. R. Pan'],2022,400.0
/works/OL27731623W,The Light Pirate,['Lily Brooks-Dalton'],2022,320.0
/works/OL25519769W,Portrait of a Thief,['Grace D. Li'],2022,400.0
/works/OL25809411W,Wicked Beauty,['Katee Robert'],2022,380.0
/works/OL26513433W,A Game of Retribution,['Scarlett St. Clair'],2022,464.0
/works/OL25920637W,Fellowship Point,['Alice Elliott Dark'],2022,297.0
/works/OL25338086W,Love and Other Disasters,['Anita Kelly'],2022,352.0
/works/OL25329383W,Glory,['NoViolet Bulawayo'],2022,416.0
/works/OL26591993W,PAWS,"['Nathan Fairbairn', 'Michele Assarasakorn']",2022,176.0
/works/OL26692633W,Daughter of the Drowned Empire,['Frankie Diane Mallis'],2022,452.0
/works/OL25480335W,Vagabonds!,['Eloghosa Osunde'],2022,348.0
/works/OL27245727W,Ten Trends to Seduce Your Best Friend,['Penny Reid'],2022,436.0
/works/OL28017119W,呪術廻戦 逝く夏と還る秋,"['Ballad Kitaguni', 'Gege Akutami']",2022,138.0
/works/OL27417032W,Ghost Music,['An Yu'],2022,236.0
/works/OL31170885W,Bloodshed,['Molly Doyle'],2022,297.0
/works/OL28145513W,Shelter for a Shifter,['Lauren Connolly'],2022,320.0
/works/OL27172711W,Ocean's Echo,['Everina Maxwell'],2022,474.0
/works/OL27488438W,Help Me Remember,['Corinne Michaels'],2022,334.0
/works/OL25907667W,Castles in Their Bones,['Laura Sebastian'],2022,528.0
/works/OL28768263W,Their Vicious Darling,['Nikki St. Crowe'],2022,245.0
/works/OL27775958W,Untitled Gamache #18,['Louise Penny'],2022,400.0
/works/OL27172732W,How Not to Drown in a Glass of Water,['Angie Cruz'],2022,208.0
/works/OL32521791W,Souls and Sorrows,['Sav R. Miller'],2022,384.0
/works/OL24815696W,Hilo Book 8,['Judd Winick'],2022,224.0
/works/OL26908972W,Women Could Fly,['Megan Giddings'],2022,368.0
/works/OL25446553W,Far Wilder Magic,['Allison Saft'],2022,384.0
/works/OL24765077W,The Magnolia Palace,['Fiona Davis'],2022,368.0
/works/OL26280333W,Something Wilder,['Christina Lauren'],2022,368.0
/works/OL25346963W,Final Strife,['Saara El-Arifi'],2022,608.0
/works/OL27208106W,Soul of the Deep,['Natasha Bowen'],2022,304.0
/works/OL26871427W,Two Truths and a Lie,['April Henry'],2022,281.0
/works/OL25300007W,French Braid,['Anne Tyler'],2022,272.0
/works/OL26849679W,Stinetinglers,"['Robert Lawrence Stine', 'David SanAngelo']",2022,206.0
/works/OL27641539W,Isle of Sin,"['S. Firecox', 'Sin Cave Publishing']",2022,412.0
/works/OL26627161W,River of Secrets,['Erin Hunter'],2022,273.0
/works/OL27043827W,The Prisoner,['B.A. Paris'],2022,320.0
/works/OL37912678W,Do You Remember?,['Freida McFadden'],2022,334.0
/works/OL27846739W,We Are the Light,['Matthew Quick'],2022,256.0
/works/OL28910566W,Puck Shy (Special Edition),['Teagan Hunter'],2022,342.0
/works/OL26764574W,The World We Make,['N. K. Jemisin'],2022,185.0
/works/OL25957959W,Taste of Gold and Iron,['Alexandra Rowland'],2022,512.0
/works/OL25298322W,"Woman, Eating",['Claire Kohda'],2022,280.0
/works/OL29171411W,Frost,['C.N. Crawford'],2022,304.0
/works/OL27297337W,Sparring Partners,['John Grisham'],2022,320.0
/works/OL27243671W,Malum Discordiae,['Ashlyn Drewek'],2022,392.0
/works/OL27055137W,Dreamland,['Nicholas Sparks'],2022,400.0
/works/OL24509139W,Terraform,"['Brian Merchant', 'Claire L. Evans']",2022,320.0
/works/OL27172733W,Africa Risen,"['Oghenechovwe Donald Ekpeki', 'Sheree Renée Thomas', 'Zelda Knight']",2022,528.0
/works/OL24607817W,A Very Nice Girl,['Imogen Crimp'],2022,336.0
/works/OL28184952W,Las olas del tiempo perdido,['Sandra Barneda'],2022,512.0
/works/OL26602162W,Cornbread and Poppy at the Carnival,['Matthew Cordell'],2022,80.0
/works/OL26514933W,Star Wars - Shadow of the Sith,['Adam Christopher'],2022,496.0
/works/OL24801712W,"Moon Witch, Spider King",['Marlon James'],2022,656.0
/works/OL25454698W,High Stakes,['Danielle Steel'],2022,368.0
/works/OL24816143W,Don't Cry for Me,['Daniel Black'],2022,288.0
/works/OL24862974W,Stars and Bones,['Gareth L. Powell'],2022,352.0
/works/OL34050959W,Filthy Rich Vampire,['Geneva Lee'],2022,379.0
/works/OL27312743W,The Whittiers,['Danielle Steel'],2022,272.0
/works/OL27914514W,Hating the Player,['Rebecca Jenshak'],2022,297.0
/works/OL25916692W,Isla to Island,['Alexis Castellanos'],2022,186.0
/works/OL26084071W,Loki,"['Louie Stowell', 'Enric Fontvila Batalla', 'JAVIER ROMA']",2022,240.0
/works/OL31107143W,Psycho Beasts,['Jasmine Mas'],2022,368.0
/works/OL27846998W,New Dragon City,['Mari Mancusi'],2022,346.0
/works/OL25319435W,At the End of Everything,['Marieke Nijkamp'],2022,400.0
/works/OL25464535W,Anything but Fine,['Tobias Madden'],2022,368.0
/works/OL27732769W,Hex,['Jenni Fagan'],2022,112.0
/works/OL27021599W,The Longest Ride,['Nicholas Sparks'],2022,496.0
/works/OL32493327W,Sun Touched,['Becky Moynihan'],2022,371.0
/works/OL26348349W,Onyeka and the Academy of the Sun,"['Tọlá Okogwu', 'Noemí Risco Mateo', 'Christophe Rosson']",2022,320.0
/works/OL26696565W,Signal Fires,['Dani Shapiro'],2022,327.0
/works/OL25326343W,Twyford Code,['Janice Hallett'],2022,368.0
/works/OL27850400W,Dungeons & Dragons - Dungeon Club vol. 1,"['Lee Knox Ostertag', 'Inc Hasbro']",2022,205.0
/works/OL34949753W,Lovelight Farms,['B.K. Borison'],2022,336.0
/works/OL25466796W,Goliath,['Tochi Onyebuchi'],2022,336.0
/works/OL25444606W,Words We Keep,['Erin Stewart'],2022,400.0
/works/OL27714209W,The Inadequate Heir,['Danielle L. Jensen'],2022,558.0
/works/OL25455299W,Anonymous Sex,"['Hillary Jordan', 'Cheryl Lu-Lien Tan']",2022,320.0
/works/OL26443084W,"Girl, Forgotten",['Karin Slaughter'],2022,400.0
/works/OL26468549W,Get a Grip! Were on a Trip!,['Dan Gutman'],2022,108.0
/works/OL26987639W,Lost Girls of Willowbrook,['Ellen Marie Wiseman'],2022,402.0
/works/OL27640798W,The Amazonian Uteroboscis,['B. L. Overman'],2022,156.0
/works/OL25346958W,Counterfeit,['Kirstin Chen'],2022,288.0
/works/OL32161698W,Mixed Signals,['B.K. Borison'],2022,336.0
/works/OL25483728W,Ophelia after All,['Racquel Marie'],2022,352.0
/works/OL28886516W,Take Me in Bangkok,['K. D. Elizabeth'],2022,456.0
/works/OL27294013W,The Ones We Burn,['Rebecca Mix'],2022,480.0
/works/OL28732578W,Crown of Roses,['Hillary Raymer'],2022,398.0
/works/OL24418043W,The Runaway,['Nicholas Petrie'],2022,400.0
/works/OL25323693W,Peach Blossom Spring,['Melissa Fu'],2022,400.0
/works/OL31175486W,Blood Day,['Lexi C. Foss'],2022,278.0
/works/OL27172597W,If I Survive You,['Jonathan Escoffery'],2022,272.0
/works/OL25334165W,Chivalry,"['Neil Gaiman', 'Colleen Doran']",2022,68.0
/works/OL32341405W,Zodiac Academy 8,"['Caroline Peckham', 'Susanne Valenti']",2022,831.0
/works/OL27173570W,Jollof Rice and Other Revolutions,['Omolola Ijeoma Ogunyemi'],2022,256.0
/works/OL26102067W,Meant to Be,['Emily Giffin'],2022,368.0
/works/OL28599488W,Royally Not Ready,['Meghan Quinn'],2022,466.0
/works/OL26773019W,All That's Left Unsaid,['Tracey Lien'],2022,304.0
/works/OL27871634W,Septology,['Jon Fosse'],2022,825.0
/works/OL28680804W,Grace Under Fire,['Julie Garwood'],2022,448.0
/works/OL27809832W,Liberation Day,['George Saunders'],2022,233.0
/works/OL27846848W,History of Fear,['Luke Dumas'],2022,368.0
/works/OL27731031W,The Passenger,['Cormac McCarthy'],2022,424.0
/works/OL25814509W,The Ministry of Unladylike Activity,['Robin Stevens'],2022,416.0
/works/OL31892017W,"Die Wut, die bleibt",['Mareike Fallwickl'],2022,381.0
/works/OL26591780W,With a Mind to Kill,['Anthony Horowitz'],2022,368.0
/works/OL24728030W,The Swimmers,['Julie Otsuka'],2022,180.0
/works/OL38077473W,The Annihilator,['RuNyx'],2022,327.0
/works/OL26585756W,Mercury Pictures Presents,['Anthony Marra'],2022,592.0
/works/OL26662278W,Best Is yet to Come,['Debbie Macomber'],2022,456.0
/works/OL25346901W,Memory Librarian,['Janelle Monáe'],2022,352.0
/works/OL26846222W,Shadow Lands,['Stacey Marie Brown'],2022,521.0
/works/OL25587633W,Triple Threat,['K. Webster'],2022,366.0
/works/OL28064693W,Professor Astor,['Catharina Maura'],2022,332.0
/works/OL27055233W,Dinosaurs,['Lydia Millet'],2022,240.0
/works/OL27940187W,Damaged Like Us,"['Krista Ritchie', 'Becca Ritchie']",2022,378.0
/works/OL24493618W,One for All,['Lillie Lainoff'],2022,400.0
/works/OL24197461W,The Princess in Black and the Mermaid Princess,"['Shannon Hale', 'Dean Hale']",2022,93.0
/works/OL28433993W,Robert Asprin's Another Fine Myth,['Robert Asprin'],2022,228.0
/works/OL27088486W,English Understand Wool,['Helen Dewitt'],2022,64.0
/works/OL24607089W,Shadows Reel,['C. J. Box'],2022,384.0
/works/OL34774028W,Powerless,['Lauren Roberts'],2023,600.0
/works/OL29226517W,Fourth Wing,['Rebecca Yarros'],2023,530.0
/works/OL34028551W,Iron Flame,['Rebecca Yarros'],2023,640.0
/works/OL34490931W,No Brainer,['Jeff Kinney'],2023,224.0
/works/OL34113490W,The Housemaid's Secret,['Freida McFadden'],2023,352.0
/works/OL34025404W,The Chalice of the Gods,['Rick Riordan'],2023,272.0
/works/OL35718442W,King of Greed,['Ana Huang'],2023,340.0
/works/OL34493682W,My Dark Romeo,"['Parker S. Huntington', 'L.J. Shen']",2023,331.0
/works/OL28687656W,Tress of the Emerald Sea,['Brandon Sanderson'],2023,486.0
/works/OL28880495W,Things We Hide from the Light,['Lucy Score'],2023,574.0
/works/OL34811234W,Things We Left Behind,['Lucy Score'],2023,660.0
/works/OL27852012W,Hell Bent,['Leigh Bardugo'],2023,520.0
/works/OL27172270W,Five Nights at Freddy's Character Encyclopedia (an AFK Book) (Media Tie-In),['Scott Cawthon'],2023,224.0
/works/OL34057778W,Holly,['Stephen King'],2023,449.0
/works/OL28868481W,The Sun and the Star,"['Rick Riordan', 'Mark Oshiro']",2023,476.0
/works/OL28803485W,Love Theoretically,['Ali Hazelwood'],2023,400.0
/works/OL27411628W,Emily Wilde's Encyclopaedia of Faeries,['Heather M. Fawcett'],2023,325.0
/works/OL33364737W,A Curse for True Love,['Stephanie Garber'],2023,400.0
/works/OL28095854W,The Stolen Heir,['Holly Black'],2023,368.0
/works/OL34059667W,The Heaven & Earth Grocery Store,['James McBride'],2023,561.0
/works/OL28607665W,Happy Place,['Emily Henry'],2023,400.0
/works/OL34957950W,Murtagh,['Christopher Paolini'],2023,696.0
/works/OL34316607W,The Temporary Wife,['Catharina Maura'],2023,382.0
/works/OL29330646W,King of Pride,['Ana Huang'],2023,464.0
/works/OL29200370W,Bend Her,['Cassie Alexander'],2023,382.0
/works/OL29327873W,One of Us Is Back,['Karen M. McManus'],2023,363.0
/works/OL36043513W,Right Move,['Liz Tomforde'],2023,448.0
/works/OL36475397W,Theo of Golden,['Allen Levi'],2023,400.0
/works/OL35923530W,Between Commitment and Betrayal,['Shain Rose'],2023,416.0
/works/OL34840408W,Assistant to the Villain,['Hannah Nicole Maehrer'],2023,352.0
/works/OL42776199W,Picking Daisies on Sundays,['Liana Cincotti'],2023,315.0
/works/OL28723763W,Hello Beautiful,['Ann Napolitano'],2023,416.0
/works/OL36775731W,Butcher & Blackbird,['Brynne Weaver'],2023,351.0
/works/OL34955908W,Wildfire,['Hannah Grace'],2023,416.0
/works/OL34265902W,Black Ties and White Lies,['Kat Singleton'],2023,385.0
/works/OL33402895W,System Collapse,['Martha Wells'],2023,203.0
/works/OL35750093W,The Frozen River,['Ariel Lawhon'],2023,448.0
/works/OL36042699W,Mile High,['Liz Tomforde'],2023,557.0
/works/OL27413855W,Weyward,['Emilia Hart'],2023,352.0
/works/OL27172410W,In Memoriam,['Alice Winn'],2023,400.0
/works/OL34832132W,30 sunsets para enamorarte,['Mercedes Ron'],2023,448.0
/works/OL29190967W,The Frugal Wizard’s Handbook for Surviving Medieval England,['Brandon Sanderson'],2023,384.0
/works/OL31181973W,The Sunlit Man,['Brandon Sanderson'],2023,400.0
/works/OL27893225W,In the Lives of Puppets,['T. J. Klune'],2023,432.0
/works/OL29216694W,A Long Time Coming,['Meghan Quinn'],2023,492.0
/works/OL34250491W,Never Whistle at Night,"['Shane Hawk', 'Theodore C. Van Alst, Jr.']",2023,444.0
/works/OL37576766W,Call It What You Want,['Alissa DeRogatis'],2023,288.0
/works/OL27821353W,Godkiller,['Hannah Kaner'],2023,304.0
/works/OL36855916W,Deceptive Calm,['Patricia Skipper'],2023,296.0
/works/OL29211540W,The Only One Left,['Riley Sager'],2023,383.0
/works/OL28090686W,Atlas - Die Geschichte von Pa Salt,['Lucinda Riley'],2023,565.0
/works/OL28627483W,Someone Else's Shoes,['Jojo Moyes'],2023,576.0
/works/OL27774874W,The House in the Pines,['Ana Reyes'],2023,418.0
/works/OL34761559W,El viento conoce mi nombre,['Isabel Allende'],2023,352.0
/works/OL34949525W,Nineteen Steps,['Millie Bobby Brown'],2023,352.0
/works/OL28763084W,Yours Truly,['Abby Jimenez'],2023,408.0
/works/OL34909082W,The Missus,['E. L. James'],2023,464.0
/works/OL42842288W,Nocticadia,['Keri Lake'],2023,645.0
/works/OL34958638W,Heart of My Monster,['Rina Kent'],2023,324.0
/works/OL35781509W,The Coworker,['Freida McFadden'],2023,365.0
/works/OL36042862W,Pucking Around,['Emily Rath'],2023,640.0
/works/OL27809981W,Maame,['Jessica George'],2023,452.0
/works/OL34337924W,The Pumpkin Spice Café,['Laurie Gilmore'],2023,305.0
/works/OL37811572W,Un automne pour te pardonner,['Morgane Moncomble'],2023,256.0
/works/OL35835564W,Only for the Week,"['Natasha Bishop', 'Champagne Book Design', 'Muddled Ink Editorial Co.']",2023,288.0
/works/OL35708704W,Sunburn,['Chloe Michelle Howarth'],2023,288.0
/works/OL37942515W,Blood over Bright Haven,['M. L. Wang'],2023,448.0
/works/OL29329554W,The Secret,"['Lee Child', 'Andrew Grant']",2023,304.0
/works/OL34943127W,The Future,['Naomi Alderman'],2023,416.0
/works/OL29052214W,Bright Young Women,['Jessica Knoll'],2023,384.0
/works/OL28721364W,You Shouldn't Have Come Here,['Jeneva Rose'],2023,324.0
/works/OL35084942W,The Fake Mate,['Lana Ferguson'],2023,352.0
/works/OL27734026W,Shadow,['Erin Hunter'],2023,292.0
/works/OL31130123W,The Reformatory,['Tananarive Due'],2023,576.0
/works/OL28357039W,The Adventures of Amina Al-Sirafi,['Shannon A. Chakraborty'],2023,531.0
/works/OL28888070W,Camp Damascus,['Chuck Tingle'],2023,256.0
/works/OL29191055W,Fractal Noise,['Christopher Paolini'],2023,332.0
/works/OL27815472W,Murder in the Family,['Cara Hunter'],2023,384.0
/works/OL34908950W,Dirty Thirty,['Janet Evanovich'],2023,320.0
/works/OL36716484W,Better Run,['Alina May'],2023,250.0
/works/OL28851765W,Starter Villain,['John Scalzi'],2023,280.0
/works/OL34143972W,Bookshops & Bonedust,['Travis Baldree'],2023,352.0
/works/OL28804417W,The Last Devil to Die,['Richard Osman'],2023,400.0
/works/OL28864362W,All the Sinners Bleed,"['S. A. Cosby', 'S. A. Cosby']",2023,352.0
/works/OL28062408W,Parachute Kids,['Betty C. Tang'],2023,288.0
/works/OL28775292W,Practice Makes Perfect,['Sarah Adams'],2023,344.0
/works/OL34341592W,Defiant,['Brandon Sanderson'],2023,480.0
/works/OL35717627W,Queen Charlotte,"['Julia Quinn', 'Shonda Rhimes']",2023,448.0
/works/OL31146657W,Yumi and the Nightmare Painter,['Brandon Sanderson'],2023,392.0
/works/OL34061150W,The Spirit Bares Its Teeth,['Andrew Joseph White'],2023,400.0
/works/OL35780604W,Two Twisted Crowns,['Rachel Gillig'],2023,430.0
/works/OL36476964W,Calling on the Matchmaker,['Jody Hedlund'],2023,463.0
/works/OL35014570W,The Ashes and the Star-Cursed King,['Carissa Broadbent'],2023,624.0
/works/OL29149149W,Princess and the Grilled Cheese Sandwich (a Graphic Novel),['Deya Muniz'],2023,256.0
/works/OL38512178W,The Graham Effect,['Elle Kennedy'],2023,497.0
/works/OL34056419W,Kiss the Sky,"['Krista Ritchie', 'Becca Ritchie']",2023,372.0
/works/OL28345907W,I Will Find You,['Harlan Coben'],2023,416.0
/works/OL35714854W,Good Material,['Dolly Alderton'],2023,346.0
/works/OL35724984W,Nightshade Revenge,['Anthony Horowitz'],2023,352.0
/works/OL31098954W,Tom Lake,['Ann Patchett'],2023,320.0
/works/OL28020945W,Secretly Yours,['Tessa Bailey'],2023,384.0
/works/OL28736183W,Monstrilio,['Gerardo Sámano Córdova'],2023,326.0
/works/OL36807745W,Caught Up,['Liz Tomforde'],2023,483.0
/works/OL28088160W,River Sing Me Home,['Eleanor Shearer'],2023,352.0
/works/OL29891115W,The Five-Star Weekend,['Elin Hilderbrand'],2023,456.0
/works/OL34338765W,Love Redesigned,['Lauren Asher'],2023,528.0
/works/OL37865831W,Taming Seraphine,['Gigi Styx'],2023,542.0
/works/OL28420475W,Vera Wong's Unsolicited Advice for Murderers,['Jesse Q. Sutanto'],2023,368.0
/works/OL36888611W,Out on a Limb,['Hannah Bonam-Young'],2023,357.0
/works/OL28427605W,House of Eve,['Sadeqa Johnson'],2023,384.0
/works/OL34290063W,Happiness Falls,['Angie Kim'],2023,482.0
/works/OL28866624W,Hello Stranger,['Katherine Center'],2023,554.0
/works/OL34098435W,Fire and Flesh 3,['Jennifer L. Armentrout'],2023,600.0
/works/OL34244160W,Secret Sin,['Jill Ramsower'],2023,130.0
/works/OL27905815W,The Deluge,['Stephen Markley'],2023,449.0
/works/OL34028309W,North Woods,['Daniel Mason'],2023,384.0
/works/OL28854112W,Maeve Fly,['C. J. Leede'],2023,288.0
/works/OL34025531W,Fraud,['Zadie Smith'],2023,521.0
/works/OL27970854W,Burner,['Mark Greaney'],2023,528.0
/works/OL34462245W,"Right Man, Right Time",['Meghan Quinn'],2023,440.0
/works/OL34738771W,The Family Upstairs,['Lisa Jewell'],2023,400.0
/works/OL35711948W,A Stroke of the Pen,['Terry Pratchett'],2023,153.0
/works/OL27408791W,Age of Vice,['Deepti Kapoor'],2023,563.0
/works/OL35744209W,Throne of Broken Gods,['Amber V. Nicole'],2023,784.0
/works/OL28024630W,Murder at the Bookstore,['Sue Minix'],2023,326.0
/works/OL29046707W,Banyan Moon,['Thao Thai'],2023,408.0
/works/OL27893359W,Soulmate,['Sally Hepworth'],2023,368.0
/works/OL33383546W,Thunder,['Erin Hunter'],2023,345.0
/works/OL26666408W,Pizza Face,"['Rex Ogle', 'Dave Valeza']",2023,224.0
/works/OL34449887W,A Promise of Peridot,['Kate Golden'],2023,464.0
/works/OL34324605W,光が死んだ夏 1,['Mokumokuren'],2023,218.0
/works/OL31165775W,Vaster Wilds,['Lauren Groff'],2023,367.0
/works/OL34950381W,The Secret,['Lee Child'],2023,640.0
/works/OL28020756W,This Other Eden,"['Paul Harding', 'Paul Harding']",2023,226.0
/works/OL31130116W,Lady Tan's Circle of Women,['Lisa See'],2023,368.0
/works/OL34051088W,The Unmaking of June Farrow,['Adrienne Young'],2023,466.0
/works/OL28346269W,Everyone Here Is Lying,['Shari Lapeña'],2023,463.0
/works/OL27894127W,Bad Cree,['Jessica Johns'],2023,272.0
/works/OL34116011W,Starling House,['Alix E. Harrow'],2023,320.0
/works/OL34023561W,Hurricane Wars,['Thea Guanzon'],2023,488.0
/works/OL31102811W,Big Nate : No Worries,['Lincoln Pierce'],2023,352.0
/works/OL35754911W,Long Game,['Elena Armas'],2023,650.0
/works/OL34372556W,House of Pounding Hearts,['Olivia Wildenstein'],2023,496.0
/works/OL27892991W,God of Endings,['Jacqueline Holland'],2023,480.0
/works/OL28075975W,Victory City,['Salman Rushdie'],2023,336.0
/works/OL34315784W,Look Out For The Little Guy,['Scott Lang'],2023,256.0
/works/OL34098405W,In the Likely Event,['Rebecca Yarros'],2023,451.0
/works/OL29328248W,Obsessed,"['James Patterson', 'James O. Born']",2023,352.0
/works/OL34970204W,The True Love Experiment,['Christina Lauren'],2023,251.0
/works/OL34174459W,Skandar and the Phantom Rider,['A. F. Steadman'],2023,484.0
/works/OL29286334W,Heavenly Tyrant,['Xiran Jay Zhao'],2023,525.0
/works/OL28414944W,French Kissing in New York,['Anne-Sophie Jouhanneau'],2023,336.0
/works/OL28586445W,Jasper Vale,['Devney Perry'],2023,368.0
/works/OL28445046W,Lone Women,['Victor D. LaValle'],2023,275.0
/works/OL28961875W,Only the Dead,['Jack Carr'],2023,424.0
/works/OL34746748W,Code Red,"['Vince Flynn', 'Kyle Mills']",2023,384.0
/works/OL35890334W,Lore of the Wilds,['Analeigh Sbrana'],2023,352.0
/works/OL19981652W,Gun iedere kabouter zijn eigen muts,['Aaf Brandt Corstius'],2023,224.0
/works/OL27893279W,Exiles,['Jane Harper'],2023,448.0
/works/OL29157654W,Katie the Catsitter #3,"['Colleen AF Venable', 'Stephanie Yue']",2023,224.0
/works/OL27731417W,The Villa,['Rachel Hawkins'],2023,349.0
/works/OL34030271W,After That Night,['Karin Slaughter'],2023,495.0
/works/OL34506593W,Iris Kelly Doesn't Date,['Ashley Herring Blake'],2023,400.0
/works/OL34831806W,The River We Remember,['William Kent Krueger'],2023,432.0
/works/OL34065298W,The Guest,['B.A. Paris'],2023,308.0
/works/OL28417611W,Carnival Quest,['Brandon Mull'],2023,416.0
/works/OL27839561W,Four Eyes,"['Rex Ogle', 'Dave Valeza']",2023,218.0
/works/OL28059409W,Y/N,['Esther Yi'],2023,224.0
/works/OL36719480W,Broken Money,['Lyn Alden'],2023,538.0
/works/OL34888138W,Godzilla and Godzilla Raids Again,"['Shigeru Kayama', 'Jeffrey Angles']",2023,256.0
/works/OL35844638W,The Mystery Guest,['Nita Prose'],2023,336.0
/works/OL33444979W,"The Secret Lives of Country Gentlemen, The",['KJ Charles'],2023,352.0
/works/OL27205616W,Everything the Darkness Eats,['Eric LaRocca'],2023,214.0
/works/OL27805744W,Lies We Sing to the Sea,['Sarah Underwood'],2023,432.0
/works/OL35250983W,Hunt on Dark Waters,['Katee Robert'],2023,336.0
/works/OL43928707W,Lies of My Monster,['Rina Kent'],2023,337.0
/works/OL34911010W,The Bullet That Missed,['Richard Osman'],2023,368.0
/works/OL35749749W,Edge,['David Baldacci'],2023,448.0
/works/OL36716103W,Peasant King,['Tessa Afshar'],2023,384.0
/works/OL34956934W,The Exchange,['John Grisham'],2023,368.0
/works/OL34941307W,Six Scorched Roses,['Carissa Broadbent'],2023,204.0
/works/OL26830797W,"Escape from Mr. Lemoncellos Library, the Graphic Novel",['Chris Grabenstein'],2023,248.0
/works/OL31167392W,Don't Let Me Break,['Kelsie Rae'],2023,393.0
/works/OL36479623W,Accidentally Ours,['Erin Hawkins'],2023,406.0
/works/OL31128643W,The Wishing Game,['Meg Shaffer'],2023,304.0
/works/OL35708452W,Impossible Creatures,['Katherine Rundell'],2023,354.0
/works/OL29171099W,Warriors,['Erin Hunter'],2023,208.0
/works/OL31157141W,Give Me a Sign,['Anna Sortino'],2023,320.0
/works/OL28799340W,Star Wars - Jedi Battle Scars,['Sam Maggs'],2023,304.0
/works/OL29209675W,House of Roots and Ruin,['Erin A. Craig'],2023,544.0
/works/OL28419561W,Writing Retreat,['Julia Bartz'],2023,320.0
/works/OL20891342W,Jack Pepper,['Sarah Lean'],2023,95.0
/works/OL27894919W,Daughters of Izdihar,['Hadeer Elsbai'],2023,384.0
/works/OL28736458W,Crook Manifesto,['Colson Whitehead'],2023,321.0
/works/OL31130093W,Immortal Longings,['Chloe Gong'],2023,193.0
/works/OL34097248W,Nestlings,['Nat Cassidy'],2023,304.0
/works/OL29223248W,Untitled,['Lisa Jewell'],2023,384.0
/works/OL28775173W,The Paris Daughter,['Kristin Harmel'],2023,442.0
/works/OL34857350W,Blood Lines,"['Nelson DeMille', 'Alex DeMiller']",2023,664.0
/works/OL28019292W,Gwen and Art Are Not in Love,['Lex Croucher'],2023,416.0
/works/OL39174896W,Spirit Glass,['Roshani Chokshi'],2023,307.0
/works/OL28854089W,Secret Book of Flora Lea,['Patti Callahan Henry'],2023,185.0
/works/OL36853628W,Broken Vows,['Catharina Maura'],2023,400.0
/works/OL35162946W,La vida que nos separa,['CHUFO LLORÉNS'],2023,432.0
/works/OL35961456W,A Lonely Broadcast,['Kel Byron'],2023,241.0
/works/OL27244919W,Spy Camp the Graphic Novel,"['Stuart Gibbs', 'Anjan Sarkar']",2023,328.0
/works/OL27955455W,Chain of Thorns,['Cassandra Clare'],2023,752.0
/works/OL34360119W,Forbidden Hearts,['Corinne Michaels'],2023,398.0
/works/OL35141374W,Desire or Defense,['Leah Brunner'],2023,282.0
/works/OL34027183W,Stars and Smoke,['Marie Lu'],2023,336.0
/works/OL27810749W,Paradise-1,['David Wellington'],2023,345.0
/works/OL28022197W,Last Tale of the Flower Bride,['Roshani Chokshi'],2023,304.0
/works/OL34025151W,Modern Divination,"['Isabel Agajanian', 'Nastya Litepla', 'Kirsten Valerie Driggers', 'Marina Green']",2023,512.0
/works/OL34393643W,Time to Shine,['Rachel Reid'],2023,368.0
/works/OL28945011W,Maybe Next Time,['Cesca Major'],2023,384.0
/works/OL29332371W,Last Orphan,['Gregg Hurwitz'],2023,400.0
/works/OL27693712W,The Last Orphan,['Gregg Andrew Hurwitz'],2023,352.0
/works/OL34365275W,Defensive Hearts,['Alley Ciz'],2023,316.0
/works/OL28626064W,Things I Wish I'd Told My Mother,"['Susan Patterson', 'James Patterson', 'Susan Dilallo']",2023,360.0
/works/OL34783342W,Cómo  escribí nuestra historia,['Elísabet Benavent'],2023,544.0
/works/OL28100140W,Alchemy of Moonlight,['David Ferraro'],2023,384.0
/works/OL31209626W,The House of Wolves,"['James Patterson', 'Mike Lupica', 'Ellen Archer']",2023,400.0
/works/OL36040704W,Pocket Peaches,['Dora Wang'],2023,80.0
/works/OL34339609W,America Fantastica,"[""Tim O'Brien""]",2023,449.0
/works/OL34025281W,Winter's Gifts,['Ben Aaronovitch'],2023,240.0
/works/OL34507254W,Let Us Descend,['Jesmyn Ward'],2023,288.0
/works/OL34053392W,Sandra Brown 2023,['Sandra Brown'],2023,448.0
/works/OL35744985W,Grandmother Begins the Story,['Michelle Porter'],2023,497.0
/works/OL34746910W,Becoming the Boogeyman,['Richard Chizmar'],2023,424.0
/works/OL29183233W,Invisible Son,['Kim Johnson'],2023,626.0
/works/OL35726012W,The Body in the Blitz,['Robin Stevens'],2023,464.0
/works/OL28017123W,鬼滅の刃 風の道しるべ,"['Aya Yajima', 'Koyoharu Gotoge']",2023,192.0
/works/OL34387588W,A Pirate's Life for Tea,['Rebecca Thorne'],2023,372.0
/works/OL28931667W,Don't Leave Me,['Eden Emory'],2023,290.0
/works/OL28063032W,Come Sundown,['Nora Roberts'],2023,498.0
/works/OL28876205W,Thrust & Throttle,['Emma Slate'],2023,450.0
/works/OL34956362W,My Darling Girl,['Jennifer McMahon'],2023,320.0
/works/OL34433706W,Kvitleik,['Jon Fosse'],2023,72.0
/works/OL37471844W,A Fragile Enchantment,['Allison Saft'],2023,373.0
/works/OL34386633W,My Cellmate,['Glasssvial'],2023,323.0
/works/OL34942991W,Dark Heir,['C. S. Pacat'],2023,464.0
/works/OL36101285W,Only for Him,['Willow Winters'],2023,554.0
/works/OL28411325W,Hang the Moon,['Jeannette Walls'],2023,328.0
/works/OL27960284W,The Cabinet of Dr. Leng,"['Douglas Preston', 'Lincoln Child']",2023,592.0
/works/OL28625980W,Homecoming,['Kate Morton'],2023,560.0
/works/OL38029321W,Unsteady,['Peyton Corinne'],2023,386.0
/works/OL29044829W,Cross Down,"['James Patterson', 'Brendan DuBois']",2023,496.0
/works/OL29330791W,Haunting on the Hill,['Elizabeth Hand'],2023,400.0
/works/OL39671044W,Until the Shadows Lengthen,['Hannah Clayton'],2023,329.0
/works/OL34471064W,"Diary of a Minecraft Zombie, Book 24",['Zack Zombie'],2023,132.0
/works/OL29327627W,"Girl, Goddess, Queen",['Bea Fitzgerald'],2023,496.0
/works/OL29046947W,Dead of Winter,['Darcy Coates'],2023,352.0
/works/OL36735576W,Madame,['Sara Cate'],2023,475.0
/works/OL35711658W,A Game of Gods,['Scarlett St. Clair'],2023,592.0
/works/OL34488649W,Senator's Wife,['Jen Lyon'],2023,479.0
/works/OL28939276W,Some Shall Break,['Ellie Marney'],2023,400.0
/works/OL28890216W,Cuckoo,['Gretchen Felker-Martin'],2023,339.0
/works/OL29171236W,Happiness,['Danielle Steel'],2023,384.0
/works/OL34030668W,Inheritance,['Nora Roberts'],2023,432.0
/works/OL34365318W,Huda F Cares?,['Huda Fahmy'],2023,208.0
/works/OL34275257W,Wellness,['Nathan Hill'],2023,696.0
/works/OL28406427W,Those We Drown,['Amy Goldsmith'],2023,406.0
/works/OL34414021W,Triplets and the Blonde,['Callie Sky'],2023,168.0
/works/OL31139525W,Fraser,['Susan May Warren'],2023,292.0
/works/OL34953155W,Stacey's Mistake,"['Ann M. Martin', 'Ellen T. Crenshaw']",2023,160.0
/works/OL34172118W,Girl in the Eagle's Talons,"['Karin Smirnoff', 'Sarah Death']",2023,368.0
/works/OL35221581W,The Olympian Affair,['Jim Butcher'],2023,656.0
/works/OL36753786W,Vermis,['Plastiboo'],2023,128.0
/works/OL27811469W,This Is Not a Personal Statement,['Tracy Badua'],2023,352.0
/works/OL31126626W,Alebrijes,['Donna Barba Higuera'],2023,404.0
/works/OL31107135W,"Good Night, Irene",['Luis Alberto Urrea'],2023,416.0
/works/OL28062436W,Curse of the Shadow Dragon,['Tracey West'],2023,96.0
/works/OL35760378W,Glutton,['A. K. Blakemore'],2023,320.0
/works/OL27892997W,Warden,['Daniel M. Ford'],2023,336.0
/works/OL28075647W,Who Is Lebron James?,"['Crystal Hubbard', 'Who HQ', 'Stephen Marchesi']",2023,112.0
/works/OL28715431W,Above Ground,['Clint Smith'],2023,65.0
/works/OL34029612W,Sword Catcher,['Cassandra Clare'],2023,624.0
/works/OL34099760W,Fall of Ruin and Wrath,['Jennifer L. Armentrout'],2023,432.0
/works/OL38057267W,Wicked West,['Matthew Davenport'],2023,233.0
/works/OL33081857W,A Power Unbound,['Freya Marske'],2023,368.0
/works/OL36848257W,Theft of Fire,['Devon Eriksen'],2023,495.0
/works/OL27854122W,Kantika,['Elizabeth Graver'],2023,304.0
/works/OL34358813W,Crimson River,['Devney Perry'],2023,344.0
/works/OL20902345W,Vow of Thieves,['Mary E. Pearson'],2023,496.0
/works/OL34024641W,Dead Mountain,"['Douglas Preston', 'Lincoln Child']",2023,408.0
/works/OL34129216W,Only Good Enemies,['Jennifer Estep'],2023,412.0
/works/OL27893288W,Ander and Santi Were Here,['Jonny Garza Villa'],2023,368.0
/works/OL34952841W,"Not Forever, But For Now",['Chuck Palahniuk'],2023,256.0
/works/OL28841389W,Return to Satterthwaite Court,['Mimi Matthews'],2023,298.0
/works/OL35801131W,Waybound,['Will Wight'],2023,516.0
/works/OL34315617W,Le Silence et la Colère,['Pierre Lemaitre'],2023,512.0
/works/OL34160524W,Until I Saw You,['Dianna Roman'],2023,244.0
/works/OL42975424W,Can We Be Strangers Again?,['Shrijeet Shandilya'],2024,232.0
/works/OL37576476W,The Housemaid Is Watching,['Freida McFadden'],2024,398.0
/works/OL37572814W,King of Sloth,['Ana Huang'],2024,440.0
/works/OL37855093W,Reckless,['Lauren Roberts'],2024,400.0
/works/OL37577731W,Powerful,['Lauren Roberts'],2024,264.0
/works/OL38128674W,Lights Out,['Navessa Allen'],2024,416.0
/works/OL36506504W,James,['Percival L. Everett'],2024,320.0
/works/OL37575890W,Funny Story,['Emily Henry'],2024,400.0
/works/OL37588865W,続・森崎書店の日々,['Satoshi Yagisawa'],2024,176.0
/works/OL37873918W,Pretty Rings and Broken Things,['Kat Singleton'],2024,384.0
/works/OL37247638W,The Women,['Kristin Hannah'],2024,480.0
/works/OL37949460W,Intermezzo,['Sally Rooney'],2024,454.0
/works/OL37572598W,The Reappearance of Rachel Price,['Holly Jackson'],2024,448.0
/works/OL37889158W,The Boyfriend,['Freida McFadden'],2024,384.0
/works/OL38674468W,Blood of Hercules,['Jasmine Mas'],2024,512.0
/works/OL37534151W,The Teacher,['Freida McFadden'],2024,368.0
/works/OL37571815W,The Ministry of Time,['Kaliane Bradley'],2024,384.0
/works/OL42487395W,The Housemaid's Wedding,['Freida McFadden'],2024,69.0
/works/OL37505411W,Martyr!,['Kaveh Akbar'],2024,380.0
/works/OL39195890W,Bonds of Hercules,['Jasmine Mas'],2024,400.0
/works/OL38047757W,Psycho Shifters,['Jasmine Mas'],2024,368.0
/works/OL26322431W,Diary of an 8-Bit Warrior #7,['Cube Kid'],2024,256.0
/works/OL34780775W,House of Flame and Shadow,['Sarah J. Maas'],2024,835.0
/works/OL37618590W,We Used to Live Here,['Marcus Kliewer'],2024,312.0
/works/OL38010057W,When the Moon Hatched,['Sarah A. Parker'],2024,576.0
/works/OL37567597W,Blue Sisters,['Coco Mellors'],2024,368.0
/works/OL44584989W,Somewhere Beyond the Sea,['T. J. Klune'],2024,416.0
/works/OL42457696W,For Whom the Belle Tolls,['Jaysea Lynn'],2024,676.0
/works/OL37579364W,Listen for the Lie,['Amy Tintera'],2024,360.0
/works/OL37567004W,We Solve Murders,['Richard Osman'],2024,461.0
/works/OL37859241W,Daydream,['Hannah Grace'],2024,427.0
/works/OL37576633W,Service Model,['Adrian Tchaikovsky'],2024,373.0
/works/OL37613492W,Don't Let the Forest In,['C. G. Drews'],2024,336.0
/works/OL37588709W,Not in Love,['Ali Hazelwood'],2024,450.0
/works/OL37617228W,The Prisoner's Throne,['Holly Black'],2024,358.0
/works/OL37588041W,Bride,['Ali Hazelwood'],2024,401.0
/works/OL37588872W,Wild Love,['Elsie Silver'],2024,464.0
/works/OL37827517W,The God of the Woods,['Liz Moore'],2024,438.0
/works/OL37618227W,The Wedding People,['Alison Espach'],2024,384.0
/works/OL37575349W,This Could Be Us,['Kennedy Ryan'],2024,526.0
/works/OL37771292W,In Too Deep,"['Lee Child', 'Andrew Grant']",2024,376.0
/works/OL37568505W,Apprentice to the Villain,['Hannah Nicole Maehrer'],2024,416.0
/works/OL38056236W,Uma família feliz,['Raphael Montes'],2024,352.0
/works/OL37617445W,Heartless Hunter,['Kristen Ciccarelli'],2024,410.0
/works/OL37581810W,Annie Bot,['Sierra Greer'],2024,240.0
/works/OL37829770W,Middle of the Night,['Riley Sager'],2024,384.0
/works/OL37576316W,The Spellshop,['Sarah Beth Durst'],2024,400.0
/works/OL37505495W,First Lie Wins,['Ashley Elston'],2024,384.0
/works/OL37585489W,The Cinnamon Bun Book Store,['Laurie Gilmore'],2024,336.0
/works/OL37568895W,Alien Clay,['Adrian Tchaikovsky'],2024,358.0
/works/OL35056124W,What Feasts at Night,['T. Kingfisher'],2024,176.0
/works/OL37811574W,"Seasons, Tome 2",['Morgane Moncomble'],2024,459.0
/works/OL37616867W,All the Colors of the Dark,['Chris Whitaker'],2024,608.0
/works/OL37564113W,Empire of the Damned,['Jay Kristoff'],2024,672.0
/works/OL37583785W,Play Along,['Liz Tomforde'],2024,432.0
/works/OL37586804W,Creation Lake,['Rachel Kushner'],2024,416.0
/works/OL37623101W,Incidents Around the House,['Josh Malerman'],2024,384.0
/works/OL38405068W,The Sunshine Court,['Nora Sakavic'],2024,320.0
/works/OL37827700W,All Fours,['Miranda July'],2024,400.0
/works/OL37505458W,Emily Wilde's Map of the Otherlands,['Heather M. Fawcett'],2024,352.0
/works/OL37615492W,Home Is Where the Bodies Are,['Jeneva Rose'],2024,272.0
/works/OL37576958W,Love Unwritten,['Lauren Asher'],2024,624.0
/works/OL37622872W,Bury Your Gays,['Chuck Tingle'],2024,304.0
/works/OL36914473W,You Like It Darker,['Stephen King'],2024,504.0
/works/OL37568402W,The Familiar,['Leigh Bardugo'],2024,400.0
/works/OL37579200W,Fate Inked in Blood,['Danielle L. Jensen'],2024,448.0
/works/OL37567877W,Skandar And The Chaos Trials,['A. F. Steadman'],2024,416.0
/works/OL33383580W,Wind,['Erin Hunter'],2024,304.0
/works/OL37811575W,"Seasons, Tome 3",['Morgane Moncomble'],2024,400.0
/works/OL37615779W,Horror Movie,['Paul Tremblay'],2024,364.0
/works/OL37616158W,Eruption,"['Michael Crichton', 'James Patterson']",2024,448.0
/works/OL42441883W,Sweet Prison : ,['Neva Altaj'],2024,396.0
/works/OL37615734W,I Cheerfully Refuse,['Leif Enger'],2024,417.0
/works/OL37859341W,Safe Enough and Other Stories,['Lee Child'],2024,247.0
/works/OL37571682W,Don't Want You Like a Best Friend,['Emma R. Alban'],2024,393.0
/works/OL37574587W,Leather & Lark,['Brynne Weaver'],2024,403.0
/works/OL43994375W,La península de las casas vacías,['David Uclés'],2024,697.0
/works/OL38394882W,Avalon Tower,"['C.N. Crawford', 'Alex Rivers']",2024,524.0
/works/OL37826945W,The Christmas Tree Farm,['Laurie Gilmore'],2024,362.0
/works/OL37825469W,The Eyes Are the Best Part,['Monika Kim'],2024,288.0
/works/OL37579227W,The Mercy of Gods,['James S. A. Corey'],2024,496.0
/works/OL34316533W,The Atlas Complex,['Olivie Blake'],2024,489.0
/works/OL37588942W,The Pairing,['Casey McQuiston'],2024,440.0
/works/OL37571870W,Evenings and Weekends,['Oisín McKenna'],2024,336.0
/works/OL37569957W,The Dixon Rule,['Elle Kennedy'],2024,504.0
/works/OL37563996W,Waverider,['Kazu Kibuishi'],2024,239.0
/works/OL43450909W,Escaping Peril,['Tui T. Sutherland'],2024,224.0
/works/OL35717461W,A Touch of Chaos,['Scarlett St. Clair'],2024,592.0
/works/OL37581801W,Close to Death,['Anthony Horowitz'],2024,432.0
/works/OL42457466W,Dire Bound,['Sable Sorensen'],2024,608.0
/works/OL37580658W,Death at the Sign of the Rook,['Kate Atkinson'],2024,384.0
/works/OL37568445W,Table for Two,['Amor Towles'],2024,450.0
/works/OL37619950W,Destroy the Day,['Brigid Kemmerer'],2024,568.0
/works/OL42765048W,Holt and Whitlock,['Jordyn Frederick'],2024,347.0
/works/OL38614446W,Mayowa and the Sea of Words,['Chibundu Onuzo'],2024,296.0
/works/OL44407990W,The Answer Is No,"['Fredrik Backman', 'Elizabeth DeNoma']",2024,68.0
/works/OL37860508W,Two Sides to Every Murder,['Danielle Valentine'],2024,296.0
/works/OL37618090W,Toxic Prey,['John Sandford'],2024,440.0
/works/OL39199442W,Murderbot Diaries Vol. 1,['Martha Wells'],2024,320.0
/works/OL37830646W,House of Cross,['James Patterson'],2024,416.0
/works/OL37615178W,Mission Manhattan,['James Ponti'],2024,434.0
/works/OL37581492W,Someone You Can Build a Nest In,['John Wiswell'],2024,316.0
/works/OL37572696W,Sandwich,['Catherine Newman'],2024,256.0
/works/OL40592593W,Not Till We Are Lost,['Dennis E. Taylor'],2024,374.0
/works/OL37585634W,The Briar Club,['Kate Quinn'],2024,432.0
/works/OL37836858W,Tell Me Everything,['Elizabeth Strout'],2024,500.0
/works/OL35176708W,Most Ardently,['Gabe Cole Novoa'],2024,320.0
/works/OL37837502W,Life Impossible,['Matt Haig'],2024,336.0
/works/OL37612978W,Next Mrs. Parrish,['Liv Constantine'],2024,336.0
/works/OL37613564W,What Have You Done?,['Shari Lapeña'],2024,376.0
/works/OL38036612W,Power Play - Silicon Billionaires 2,['Alexis Knightly'],2024,380.0
/works/OL37585028W,Fangirl Down,['Tessa Bailey'],2024,384.0
/works/OL41892288W,Heaven Official's Blessing (Manhua),['Mo Xiang Tong Xiu'],2024,264.0
/works/OL37580048W,The Return of Ellie Black,['Emiko Jean'],2024,320.0
/works/OL37564397W,To Gaze upon Wicked Gods,['Molly X. Chang'],2024,320.0
/works/OL37927534W,I Am Rebel,['Ross Montgomery'],2024,240.0
/works/OL37247647W,Crosshairs,"['James Patterson', 'James O. Born']",2024,400.0
/works/OL38013133W,The Songbird and the Heart of Stone,['Carissa Broadbent'],2024,448.0
/works/OL37864219W,Gray after Dark,['Noelle West Ihli'],2024,368.0
/works/OL37564529W,Darker by Four,['June CL Tan'],2024,432.0
/works/OL37578961W,The Midnight Feast,['Lucy Foley'],2024,400.0
/works/OL37573932W,Expiration Dates,['Rebecca Serle'],2024,321.0
/works/OL37583005W,Slow Dance,['Rainbow Rowell'],2024,400.0
/works/OL37567022W,The Black Bird Oracle,['Deborah Harkness'],2024,464.0
/works/OL37588042W,Icarus,['Kayla Ancrum'],2024,391.0
/works/OL37936590W,Nine Month Contract,['Amy Daws'],2024,416.0
/works/OL37617491W,Diavola,['Jennifer Thorne'],2024,315.0
/works/OL37620437W,Playing for Keeps,['Jennifer Dugan'],2024,336.0
/works/OL37564118W,Ghostroots,"[""'Pemi Aguda""]",2024,224.0
/works/OL37568908W,Lady Macbeth,['Ava Reid'],2024,400.0
/works/OL36441165W,Goblin Monday,['Robert Lawrence Stine'],2024,146.0
/works/OL38011948W,How to Survive a Horror Movie,['Scarlett Dunmore'],2024,351.0
/works/OL37564476W,Husbands,['Holly Gramazio'],2024,368.0
/works/OL37588868W,The Last Bloodcarver,['Vanessa Le'],2024,392.0
/works/OL31507067W,Voyage of the Damned,['Frances White'],2024,464.0
/works/OL36887095W,Upside Down,['Danielle Steel'],2024,320.0
/works/OL39199082W,Thrum,['Meg Smitherman'],2024,176.0
/works/OL38387672W,Murder in a Small Town,['L. R. Wright'],2024,290.0
/works/OL42427219W,Dating and Dragons,['Kristy Boyce'],2024,326.0
/works/OL37505380W,Never Too Late,['Danielle Steel'],2024,320.0
/works/OL37572013W,Whisperwicks,"['Jordan Lees', 'Vivienne To']",2024,448.0
/works/OL37622401W,Across So Many Seas,['Ruth Behar'],2024,272.0
/works/OL37760047W,A Sunny Place for Shady People,['Mariana Enríquez'],2024,232.0
/works/OL37838109W,I Shall Never Fall in Love,['Hari Conner'],2024,288.0
/works/OL37627226W,Lies and Weddings,['Kevin Kwan'],2024,448.0
/works/OL37683324W,So Thirsty,['Rachel Harrison'],2024,336.0
/works/OL37582320W,My Darling Dreadful Thing,['Johanna van Veen'],2024,384.0
/works/OL37911092W,It Came from the Trees,['Ally Russell'],2024,240.0
/works/OL37938610W,Mr. Lemoncellos Fantabulous Finale,['Chris Grabenstein'],2024,304.0
/works/OL37836170W,Camino Ghosts,['John Grisham'],2024,304.0
/works/OL38036559W,All the Wrong Plays,['C. W. Farnsworth'],2024,352.0
/works/OL37683186W,Graveyard Shift,['M. L. Rio'],2024,144.0
/works/OL38014319W,Days of Shattered Faith,['Adrian Tchaikovsky'],2024,544.0
/works/OL38128001W,The Land in Winter,['Andrew Miller'],2024,352.0
/works/OL37564592W,Real Americans,['Rachel Khong'],2024,400.0
/works/OL37876371W,Rekindled Faith,['Philip DeLizio'],2024,196.0
/works/OL37574454W,One Perfect Couple,['Ruth Ware'],2024,392.0
/works/OL41900189W,Their Blood Queen,['J. R. Thorn'],2024,514.0
/works/OL37581876W,Murder Inn,"['James Patterson', 'Candice Fox']",2024,392.0
/works/OL37618769W,Winter Lost,['Patricia Briggs'],2024,416.0
/works/OL37581250W,Louder Than Hunger,['John Schu'],2024,469.0
/works/OL37572497W,Not for the Faint of Heart,['Lex Croucher'],2024,352.0
/works/OL38663001W,Sanctuary,['Ilona Andrews'],2024,130.0
/works/OL41890346W,Fall I Want,['Lyra Parish'],2024,304.0
/works/OL37620491W,Rom-Commers,['Katherine Center'],2024,352.0
/works/OL37577889W,Hammajang Luck,['Makana Yamamoto'],2024,378.0
/works/OL37618420W,Clete,['James Lee Burke'],2024,336.0
/works/OL37857514W,Under the Surface,['Diana Urban'],2024,368.0
/works/OL37582289W,The Wrong Way Home,"[""Kate O'Shaughnessy""]",2024,352.0
/works/OL37575111W,The Goodbye Process,['Mary Jones'],2024,240.0
/works/OL36887087W,Middle School,['James Patterson'],2024,238.0
/works/OL37618054W,Wisteria,['Adalyn Grace'],2024,432.0
/works/OL37575021W,Timekeepers,['S. J. King'],2024,128.0
/works/OL37589129W,Paris Novel,['Ruth Reichl'],2024,304.0
/works/OL37505381W,Still See You Everywhere,['Lisa Gardner'],2024,400.0
/works/OL37780522W,El hijo olvidado,['Mikel Santiago'],2024,576.0
/works/OL37505375W,The Hunter,['Tana French'],2024,448.0
/works/OL42439400W,Tesla and the Pyramid,['Jenner Brown'],2024,488.0
/works/OL37936573W,Small Town Swoon,['Melanie Harlow'],2024,356.0
/works/OL37857192W,In the Belly of the Whale,['Michael Flynn'],2024,405.0
/works/OL38387048W,"Sunderworld, Vol. I",['Ransom Riggs'],2024,376.0
/works/OL37585310W,Homebody,['Theo Parish'],2024,224.0
/works/OL37826846W,Tom Clancy Act of Defiance,"['Jeffrey Wilson', 'Brian Andrews']",2024,608.0
/works/OL37619187W,Compound Fracture,['Andrew Joseph White'],2024,400.0
/works/OL38400686W,Heir to Dreams & Darkness,['Ben Alderson'],2024,436.0
/works/OL42451896W,Primal,"['Renee Rose', 'Vanessa Vale']",2024,314.0
/works/OL37683185W,The Courting of Bristol Keats,['Mary E. Pearson'],2024,541.0
/works/OL37936099W,Haunting of the Ghost Dragon,['Tracey West'],2024,96.0
/works/OL37537317W,Come and get it,['Kiley Reid'],2024,384.0
/works/OL37629215W,Lost Ark Dreaming,['Suyi Davies Okungbowa'],2024,192.0
/works/OL37581963W,Things I Wish I Told My Mother,"['Susan Patterson', 'James Patterson']",2024,272.0
/works/OL37863847W,"Operation Chaos (the Forgotten Five, Book 5)",['Lisa McMann'],2024,336.0
/works/OL37615467W,Lady of Disguise,['Melanie Dickerson'],2024,304.0
/works/OL38376858W,Devourer of Men,['Nikki St. Crowe'],2024,230.0
/works/OL37570368W,The Book of Elsewhere,"['Keanu Reeves', 'China Miéville']",2024,341.0
/works/OL37564786W,Novel Love Story,['Ashley Poston'],2024,384.0
/works/OL37619949W,Necrobane,['Daniel M. Ford'],2024,320.0
/works/OL37579398W,Blood on the Tide,['Katee Robert'],2024,336.0
/works/OL37622244W,Heroes,['Alan Gratz'],2024,219.0
/works/OL37575405W,Six Truths and a Lie,['Ream Shukairy'],2024,400.0
/works/OL38410048W,Views,['Marc-Uwe Kling'],2024,272.0
/works/OL37876759W,Takeover,['Nana Malone'],2024,400.0
/works/OL41895275W,My December Darling,['Lauren Asher'],2024,250.0
/works/OL39665015W,Disney Twisted Tales Anthology,"['Liz Braswell', 'Jen Calonita', 'M. K. England', 'Elizabeth Lim', 'Farrah Rochon']",2024,304.0
/works/OL37575170W,Court of Wanderers,['Rin Chupeco'],2024,448.0
/works/OL37619962W,49 Days,['Agnes Lee'],2024,352.0
/works/OL37622650W,My First Book,['Honor Levy'],2024,240.0
/works/OL37625280W,Business Casual,['B. K. Borison'],2024,384.0
/works/OL37887573W,Rally,['Devney Perry'],2024,372.0
/works/OL37627170W,Lunar Boy,['Jes and Cin Wibowo'],2024,240.0
/works/OL37620868W,Red Sky Mourning,['Jack Carr'],2024,500.0
/works/OL42414040W,Camino Ghosts,['John Grisham'],2024,304.0
/works/OL37870025W,Reign of Rose,['Kate Golden'],2024,496.0
/works/OL37574678W,How We Named the Stars,['Andrés N. Ordorica'],2024,304.0
/works/OL38125490W,Calamity of Souls,['David Baldacci'],2024,512.0
/works/OL39134587W,Bunny vs Monkey the Great Big Gl,['Jamie SMART'],2024,256.0
/works/OL39132711W,Thread That Connects Us,['Ayaan Mohamud'],2024,416.0
/works/OL42770100W,Diary of a Wimpy Kid Party Pooper,['Jeff Kinney'],2025,224.0
/works/OL41943074W,Onyx Storm,['Rebecca Yarros'],2025,544.0
/works/OL42830484W,Seporsi mie ayam sebelum mati,['Brian Khrisna'],2025,216.0
/works/OL42539351W,Grumpy Darling,['Alexandra Moody'],2025,400.0
/works/OL42487406W,Fearless,['Lauren Roberts'],2025,568.0
/works/OL42407991W,Dream Count,['Chimamanda Ngozi Adichie'],2025,512.0
/works/OL42425168W,Wings of Starlight,['Allison Saft'],2025,400.0
/works/OL42455033W,Phantom,['H. D. Carlton'],2025,368.0
/works/OL42549801W,Broken Country,['Clare Leslie Hall'],2025,351.0
/works/OL42542598W,The Secret of Secrets,['Dan Brown'],2025,704.0
/works/OL42412330W,Atmosphere,['Taylor Jenkins Reid'],2025,352.0
/works/OL44071772W,The Court of the Dead,"['Rick Riordan', 'Mark Oshiro']",2025,448.0
/works/OL42406707W,Ward D,['Freida McFadden'],2025,320.0
/works/OL42407794W,Mina vänner,['Fredrik Backman'],2025,436.0
/works/OL43548572W,Problematic Summer Romance,['Ali Hazelwood'],2025,402.0
/works/OL42401589W,The Tenant,['Freida McFadden'],2025,322.0
/works/OL42424992W,Wild Dark Shore,['Charlotte McConaghy'],2025,320.0
/works/OL42419161W,Bury Our Bones in the Midnight Soil,['V. E. Schwab'],2025,544.0
/works/OL42394591W,The Emperor of Gladness,['Ocean Vuong'],2025,416.0
/works/OL42428586W,The River Is Waiting,['Wally Lamb'],2025,451.0
/works/OL42402317W,Rebel Witch,['Kristen Ciccarelli'],2025,464.0
/works/OL42414694W,The Correspondent,['Virginia Evans'],2025,360.0
/works/OL42406530W,The Names,['Florence Knapp'],2025,352.0
/works/OL42417430W,Amari and the Despicable Wonders,['B. B. Alston'],2025,400.0
/works/OL42455337W,Enshittification,['Cory Doctorow'],2025,352.0
/works/OL42424370W,Hungerstone,['Kat Dunn'],2025,311.0
/works/OL42483262W,Shield of Sparrows,['Devney Perry'],2025,528.0
/works/OL42429068W,Accomplice to the Villain,['Hannah Nicole Maehrer'],2025,368.0
/works/OL42393330W,Say You'll Remember Me,['Abby Jimenez'],2025,352.0
/works/OL42393490W,Three Days in June,['Anne Tyler'],2025,176.0
/works/OL42417175W,The Crash,['Freida McFadden'],2025,384.0
/works/OL43763830W,Heart the Lover,['Lily King'],2025,256.0
/works/OL42405422W,First Gentleman,"['President Bill Clinton', 'James Patterson', 'Bill Clinton', 'James Patterson']",2025,433.0
/works/OL42416911W,Good Dirt,['Charmaine Wilkerson'],2025,384.0
/works/OL42413225W,Isola,['Allegra Goodman'],2025,400.0
/works/OL42402161W,The Lamb,['Lucy Rose'],2025,336.0
/works/OL42393000W,Sirens,['Emilia Hart'],2025,374.0
/works/OL42393207W,Our Infinite Fates,['Laura Steven'],2025,385.0
/works/OL42549968W,Lucky Day,['Chuck Tingle'],2025,272.0
/works/OL42410470W,We All Live Here,['Jojo Moyes'],2025,448.0
/works/OL42397881W,First Time Caller,['B. K. Borison'],2025,448.0
/works/OL42406366W,The Rose Bargain,['Sasha Peyton Smith'],2025,400.0
/works/OL42399835W,Strangers in Time,['David Baldacci'],2025,448.0
/works/OL38298179W,The Elders' Quest,['Erin Hunter'],2025,320.0
/works/OL42444975W,Flip!,['Ngozi Ukazu'],2025,320.0
/works/OL42546974W,Hazelthorn,['C. G. Drews'],2025,360.0
/works/OL42413211W,The Amalfi Curse,['Sarah Penner'],2025,323.0
/works/OL42408498W,Mirror,['Nora Roberts'],2025,448.0
/works/OL43696498W,Death Row,['Freida McFadden'],2025,74.0
/works/OL42405319W,Immortal Consequences,['I. V. Marie'],2025,512.0
/works/OL42396177W,Stag Dance,['Torrey Peters'],2025,304.0
/works/OL42404689W,The Society of Unknowable Objects,['Gareth Brown'],2025,336.0
/works/OL42422402W,Spy Ski School the Graphic Novel,"['Stuart Gibbs', 'Anjan Sarkar']",2025,336.0
/works/OL43724852W,Crowntide,['Alex Aster'],2025,416.0
/works/OL42397165W,The Loneliness of Sonia and Sunny,['Kiran Desai'],2025,784.0
/works/OL42563456W,You Weren't Meant to Be Human,['Andrew Joseph White'],2025,336.0
/works/OL44077231W,The Strawberry Patch Pancake House,['Laurie Gilmore'],2025,373.0
/works/OL42408368W,Flashlight,['Susan Choi'],2025,464.0
/works/OL44234305W,Comerás flores,['Lucía Solla Sobral'],2025,248.0
/works/OL41188719W,StormClan's Folly,['Erin Hunter'],2025,512.0
/works/OL42403294W,Blood on Her Tongue,['Johanna van Veen'],2025,352.0
/works/OL42552307W,King Sorrow,['Joe Hill'],2025,837.0
/works/OL42432651W,Brawlhalla Tales,"['R. J. Jost', 'Matt Woomer', 'Roshan Kurichiyanil', 'Lucas Gattoni']",2025,112.0
/works/OL42406651W,Paranoia,['James Patterson'],2025,389.0
/works/OL44205446W,The Rose Field,['Philip Pullman'],2025,672.0
/works/OL42398074W,Bingsu for Two,['Sujin Witherspoon'],2025,320.0
/works/OL37578096W,Witchs Guide to Magical Innkeeping,['Sangu Mandanna'],2025,352.0
/works/OL42456373W,Warriors Graphic Novel,"['Erin Hunter', 'Natalie Riess', 'Sara Goetter']",2025,272.0
/works/OL42416739W,Homeseeking,['Karissa Chen'],2025,512.0
/works/OL42448864W,Beautiful Exile,['Catherine Cowles'],2025,400.0
/works/OL39390488W,The Stolen Queen,['Fiona Davis'],2025,352.0
/works/OL42446364W,The Blackfire Blade,['James Logan'],2025,568.0
/works/OL42425085W,Among Serpents,['Marc J. Gregson'],2025,496.0
/works/OL42428608W,Reese Witherspoon Harlan Coben Novel,"['Reese Witherspoon', 'Harlan Coben']",2025,376.0
/works/OL42410320W,Treachery of Swans,['A. B. Poranek'],2025,368.0
/works/OL42422723W,Say a Little Prayer,['Jenna Voris'],2025,320.0
/works/OL42550086W,Spring/Summer 2025 Bramble Title to Be Announced,['Carissa Broadbent'],2025,576.0
/works/OL44039811W,The Academy,"['Elin Hilderbrand', 'Shelby Cunningham']",2025,424.0
/works/OL42433605W,Good Spirits,['B.K. Borison'],2025,368.0
/works/OL42402511W,Cruel Is the Light,['Sophie Clark'],2025,512.0
/works/OL42443323W,Stone and Sky,['Ben Aaronovitch'],2025,304.0
/works/OL42429107W,Perfect Divorce,['Jeneva Rose'],2025,288.0
/works/OL44039764W,The infinite glade,['James Dashner'],2025,264.0
/works/OL42426895W,Woodworking,['Emily St James'],2025,368.0
/works/OL42393686W,Kids in Mrs. Z's Class,"['Kekla Magoon', 'Kat Fajardo', 'Kate Messner']",2025,128.0
/works/OL44084313W,What We Can Know,['Ian McEwan'],2025,320.0
/works/OL42313816W,The Nightblood Prince,['Molly X. Chang'],2025,384.0
/works/OL42549677W,Boys with Sharp Teeth,['Jenni Howell'],2025,400.0
/works/OL42413123W,Tailored Realities,['Brandon Sanderson'],2025,464.0
/works/OL42331859W,Never Say Never,['Danielle Steel'],2025,256.0
/works/OL42397811W,A Language of Dragons,['S. F. Williamson'],2025,456.0
/works/OL42397809W,Inkbound,['Philippa Leathley'],2025,384.0
/works/OL42394225W,A Family Matter,['Claire Lynch'],2025,224.0
/works/OL42417588W,Framed in Death,['Nora Roberts'],2025,400.0
/works/OL42447749W,Cello's Gate,['Maurice Africh'],2025,576.0
/works/OL42402292W,Grave Empire,['Richard Swan'],2025,528.0
/works/OL42441479W,Buckeye,['Patrick Ryan'],2025,464.0
/works/OL42419112W,Endling,['Maria Reva'],2025,352.0
/works/OL42407319W,When the Tides Held the Moon,['Venessa Vida Kelley'],2025,464.0
/works/OL42441258W,Lonely Crowds,['Stephanie Wambugu'],2025,304.0
/works/OL42675150W,El albatros negro,['María Oruña'],2025,616.0
/works/OL42407017W,Summer in the City,['Alex Aster'],2025,304.0
/works/OL42425391W,Fundamentally,['Nussaibah Younis'],2025,352.0
/works/OL42396986W,Brigands & Breadknives,['Travis Baldree'],2025,336.0
/works/OL42393306W,Beasts We Bury,['D. L. Taylor'],2025,368.0
/works/OL42397879W,House of the Beast,['Michelle Wong'],2025,464.0
/works/OL43564594W,Final Lap,['Jessica Alter'],2025,390.0
/works/OL42393315W,The Maid's Secret,['Nita Prose'],2025,411.0
/works/OL42943101W,The Bright Years,['Sarah Damoff'],2025,288.0
/works/OL42414106W,Away,['Megan E. Freeman'],2025,463.0
/works/OL42423703W,All the Blues in the Sky,['Renée Watson'],2025,208.0
/works/OL42409992W,Under Attack (Kidnapped from Ukraine #1),['Marsha Forchuk Skrypuch'],2025,320.0
/works/OL42429553W,The Wish Switch,['Lynn Painter'],2025,320.0
/works/OL42405292W,These Summer Storms,['Sarah MacLean'],2025,384.0
/works/OL42399188W,The Enchanted Greenhouse,['Sarah Beth Durst'],2025,384.0
/works/OL42761784W,The Ashfire King,['Chelsea Abdullah'],2025,544.0
/works/OL42423643W,Identity,['Nora Roberts'],2025,544.0
/works/OL42551835W,光が死んだ夏 1,['Mio Nukaga'],2025,170.0
/works/OL42417173W,Audition,['Katie M. Kitamura'],2025,208.0
/works/OL26327456W,Journey to the Center of Time,['Dustin Brady'],2025,240.0
/works/OL42554301W,Growing Home,['Beth Ferry'],2025,272.0
/works/OL42397601W,Necessary Fiction,['Eloghosa Osunde'],2025,320.0
/works/OL42410425W,Old Soul,['Susan Barker'],2025,304.0
/works/OL44332749W,The Tin Men,"['Nelson DeMille', 'Alex DeMille']",2025,384.0
/works/OL42397791W,No Place Left to Hide,['Megan Lally'],2025,300.0
/works/OL42318787W,Lies on the Serpent's Tongue,['Kate Pearsall'],2025,320.0
/works/OL42538121W,PAWS : Hazel Has Her Hands Full,"['Nathan Fairbairn', 'Michele Assarasakorn']",2025,176.0
/works/OL42393322W,Crookhaven : the Impossible Fortress,['J. J. Arcanjo'],2025,320.0
/works/OL42410432W,Catty Corner Lands on Her Feet,"['Julie Murphy', 'Eve Farb']",2025,128.0
/works/OL43671510W,The Bewitching,['Silvia Moreno-Garcia'],2025,360.0
/works/OL42403366W,Disappoint Me,['Nicola Dinan'],2025,304.0
/works/OL42442774W,All of Us Murderers,['K. J. Charles'],2025,320.0
/works/OL44548569W,This Brutal Moon,['Bethany Jacobs'],2025,520.0
/works/OL42414218W,Irl,['Jenny Goebel'],2025,176.0
/works/OL42393547W,Honeysuckle and Bone,['Trisha Tobias'],2025,320.0
/works/OL42418914W,We Could Be Rats,['Emily Austin'],2025,256.0
/works/OL42356886W,Holmes is missing,"['James Patterson', 'Brian Sitts']",2025,352.0
/works/OL42408460W,Reacher 30,"['Lee Child', 'Andrew Grant']",2025,384.0
/works/OL42440952W,Stolen Life of Colette Marceau,['Kristin Harmel'],2025,384.0
/works/OL44586650W,Skyshade,['Alex Aster'],2025,400.0
/works/OL42356878W,The Three Lives of Cate Kay,['Kate Fagan'],2025,304.0
/works/OL44579202W,Hardy Boys,['Franklin W. Dixon'],2025,264.0
/works/OL44578925W,Sound of Steel,"['Nicholas Roudas', 'Noah Hursh']",2025,452.0
/works/OL44598438W,AquaCapri Whisperer Across the Aquacapri : ,['Valentino Travaldi'],2025,528.0
/works/OL42419567W,The Isle in the Silver Sea,['Tasha Suri'],2025,496.0
/works/OL42418402W,Love in Focus,['Lyla Lee'],2025,336.0
/works/OL44603828W,Of Wolves & Butterflies,['Brandon Thomason'],2025,490.0
/works/OL44216500W,Cursed Daughters,['Oyinkan Braithwaite'],2025,372.0
/works/OL42428354W,The Book Club for Troublesome Women,['Marie Bostwick'],2025,384.0
/works/OL42423881W,Sweet Valley Twins: Sneaking Out : (a Graphic Novel),"['Francine Pascal', 'Nicole Andelfinger', 'Claudia Aguirre']",2025,224.0
/works/OL42541689W,Clementine,['Tillie Walden'],2025,280.0
/works/OL42441689W,"Merry Christmas, You Filthy Animal",['Meghan Quinn'],2025,400.0
/works/OL42395096W,The Hounding,['Xenobe Purvis'],2025,272.0
/works/OL42449144W,Swallowed,['Meg Smitherman'],2025,224.0
/works/OL42457045W,Palaver,['Bryan Washington'],2025,336.0
/works/OL42549727W,I See You've Called in Dead,['John Kenney'],2025,304.0
/works/OL42450151W,Margaret of Thibodaux,['Jo Taylor'],2025,304.0
/works/OL42425075W,"Iosi, the Remorseful Spy","['Miriam Lewin', 'Horacio Lutzky', 'Frances Riddle']",2025,384.0
/works/OL43813310W,Sempiterno,['Joana Marcús'],2025,574.0
/works/OL42697932W,Dark Angel,['Arianna Fraser'],2025,272.0
/works/OL44980176W,Paper Moons & Mango Trees,['Sushovon Saha'],2025,92.0
/works/OL44577849W,Antologia Aeternum,"['Michael Louie', 'Monica Louie']",2025,464.0
/works/OL43442771W,The Golden Raven,['Nora Sakavic'],2025,479.0
/works/OL42439464W,The House Saphir,['Marissa Meyer'],2025,432.0
/works/OL42414161W,Cyberpunk 2077,['Tomasz Marchewka'],2025,104.0
/works/OL42423627W,Girl You Know,['Elle Gonzalez Rose'],2025,312.0
/works/OL44592002W,"Black Squirrel Pieter Bruegel, Claude Monet",['Erwin D. Riedner'],2025,516.0
/works/OL42416644W,Lost Souls Meet under a Full Moon,['Mizuki Tsujimura'],2025,288.0
/works/OL42419001W,Río Muerto,"['Ricardo Silva Romero', 'Victor Meadowcroft']",2025,196.0
/works/OL42551662W,"Masters of Disguise (the Forgotten Five, Book 6)",['Lisa McMann'],2025,336.0
/works/OL42540156W,Love Report Volume 3,"['BeKa', 'Maya']",2025,112.0
/works/OL42413699W,Hunt for the Golden Scarab,['M. G. Leonard'],2025,288.0
/works/OL42427974W,Sea Legs,"['Jules Bakes', 'Niki Smith']",2025,256.0
/works/OL42410135W,Run Away with Me,['Brian Selznick'],2025,320.0
/works/OL42547468W,"Beyblade X, Vol. 1","['Homura Kawamoto', 'Hikaru Muno', 'Demizu Posuka']",2025,208.0
/works/OL42410331W,Will's Race for Home,['Jewell Parker Rhodes'],2025,196.0
/works/OL37564451W,It's Now or Nether,"['Mojang', 'Caleb Zane Huett']",2025,139.0
/works/OL44590419W,Coralthea,"['Hunter Taylor', 'Joey Schichtel', 'Emily Swan']",2025,52.0
/works/OL42887659W,Passion Project,['London Sperry'],2025,357.0
/works/OL42399482W,Medici Curse,['Daco S. Auffenorde'],2025,288.0
/works/OL44597322W,Super Super Charro,['Carlos Lozano'],2025,167.0
/works/OL42412472W,Chosen Queen,['Sam Davey'],2025,352.0
/works/OL44352272W,Haunted Desires,"['Willow Winters', 'Amelia Wilde']",2025,124.0
/works/OL42408614W,Pucking Strong,['Emily Rath'],2025,400.0
/works/OL42406395W,Wildest Things,['Andrea Hannah'],2025,320.0
/works/OL42422471W,Super Rabbit Boy vs. the Gigabot!,['Thomas Flintham'],2025,80.0
/works/OL42416891W,Carnival of Atrocities,"['Natalia García Freire', 'Victor Meadowcroft']",2025,154.0
/works/OL42427446W,Tornado Rescue,"['Rekha S. Rajan', 'Courtney Lovett']",2025,96.0
/works/OL42423609W,Night of the Dream Dragon,"['Tracey West', 'Matt Loveridge']",2025,96.0
/works/OL42393560W,Two Tales of Teamwork,['Tracey West'],2025,128.0
/works/OL42416732W,My Dog,"['Olivia Wakeford', 'David Litchfield']",2025,288.0
/works/OL42431357W,My Roommate from Hell,['Cale Dietrich'],2025,352.0
/works/OL42434437W,Devourer's Attack,"['Katie Tsang', 'Kevin Tsang']",2025,320.0
/works/OL42427358W,The Gorgon's Fury,['Brandon Mull'],2025,256.0
/works/OL42425121W,Dropping Beats,['Nathanael Lessore'],2025,288.0
/works/OL42427386W,Glitch Girl!,['Rainie Oet'],2025,448.0
/works/OL42417315W,Paradise Logic,['Sophie Kemp'],2025,256.0
/works/OL42404817W,A Language of Limbs,['Dylin Hardcastle'],2025,288.0
/works/OL44544584W,Lions of Carthage,['Sam Hale'],2025,560.0
/works/OL44593828W,RUN CINDY RUN  Romantic Techno Thriller - Suspenseful CIA Spy Secrets - Girl on the Run,['Lana McAra'],2025,330.0
/works/OL44562158W,Pearl Bound,['Natalie Bergman'],2025,296.0
/works/OL44590618W,Soapy Sally and the Cousin Crew,"['Amy L. Smith', ""Myles O'Boyle""]",2025,254.0
/works/OL42417089W,Future's Edge,['Gareth L. Powell'],2025,320.0
/works/OL44212876W,Sternenlicht - Geschichten von Übermorgen,"['Peter R. Krüger', 'Eric Zerm', 'Eberhard Leucht', 'Stefan Albertsen', 'Axel Kruse', 'Heidi Wagemann', 'Christoph Grimm', 'Antje Helfrich', 'Michael Bernt', 'Harald Weber', 'Maximilian Wust', 'Michael Büchner', 'Florian Häfele']",2025,264.0
/works/OL44535695W,AAGAAZ,['Sparsh Bhardwaj'],2025,79.0
/works/OL42550334W,A Sharp Endless Need,['Marisa Crane'],2025,272.0
/works/OL42393964W,Rival,['Emma Lord'],2025,320.0
/works/OL42427218W,Casey's Cases,['Kay Healy'],2025,184.0
/works/OL44576379W,Boy vs. Beast,['Mac Park'],2025,64.0
/works/OL42461375W,Rock Paper Incisors,"['Amy Timberlake', 'Jon Klassen']",2025,196.0
/works/OL42427428W,Horseback Hardships,"['Jane bingham', 'Berenice Muñiz']",2025,72.0
/works/OL42422509W,Deathly Grimm,['Kathryn Purdie'],2025,400.0
/works/OL42351328W,Our Winter Monster,['Dennis Mahoney'],2025,304.0
/works/OL42406870W,"Be Gay, Do Crime","['Molly Llewellyn', 'Kristel Buckley', 'Alissa Nutting']",2025,203.0
/works/OL45363076W,Passing,['Nella Larsen'],2025,126.0
/works/OL42398682W,Time Waits,"['Chip Zdarsky', 'David Brothers', 'Marcus To', 'Marvin Sainipar', 'Matt Wilson']",2025,152.0
/works/OL44550533W,I'll Find You Where the Timeline Ends,['Kylie Lee Baker'],2025,304.0
/works/OL45046899W,Deus Ex Machina,['Maùve McWeil'],2025,226.0
/works/OL44577278W,Best Offer Wins,['Marisa Kashino'],2025,288.0
/works/OL43889092W,Echoes of Fracture,,2025,409.0
/works/OL42425436W,Loca,['Alejandro Heredia'],2025,352.0
/works/OL42433014W,Genesis Seed,['M. A. Stewart'],2025,278.0
/works/OL42447600W,City of Angels,"['Rayanna Hunter', 'Kaitlynn Hunter']",2025,326.0
/works/OL42393217W,Roswell Johnson Saves the World!,['Chris Colfer'],2025,472.0
/works/OL44588722W,Grove of Tau Ceti,['Tobby Hagler'],2025,368.0
/works/OL44617961W,Aliens & Magic,"['M. L. Montague', 'Annika Allen', 'Muhammad Waqas']",2025,192.0
/works/OL42550911W,Four Ruined Realms (Standard Edition),['Mai Corland'],2025,432.0
/works/OL44593875W,Life of Joseph Fitchner,"['Christian Clark', 'Joseph Novenson']",2025,242.0
